timestamp,hour,day_of_week,temperature_c,cloud_factor,pv_generation_kw,factory_load_kw,production_index,tariff_rs_per_kwh,grid_carbon_kg_per_kwh
2026-01-01 00:00:00,0,3,27.355731594615,0.8965660495705318,0.0,265.5367319988636,2.258580775498634,5.5,0.6291674057570744
2026-01-01 01:00:00,1,3,27.986123511536558,0.7352019072511405,0.0,287.87293587436096,2.663063365015019,5.5,0.6468139623780637
2026-01-01 02:00:00,2,3,21.578893231942114,0.9500541434967749,0.0,259.96766226044537,2.3294690800741105,5.5,0.6425715119813803
2026-01-01 03:00:00,3,3,21.460946739632405,0.9728677659669457,0.0,314.0033004002643,3.3434081621080214,5.5,0.6542243836808415
2026-01-01 04:00:00,4,3,21.1156703371571,0.6258757773615397,0.0,287.8978831757824,2.8184570010835355,5.5,0.6199424479997284
2026-01-01 05:00:00,5,3,23.656234394147756,0.7037384591765218,0.0,297.2096145310397,3.0689134327350382,5.5,0.6291040070245001
2026-01-01 06:00:00,6,3,21.09375345545675,0.8753408483800742,0.0,334.3640362538703,3.968545649901279,6.2,0.6353454110575757
2026-01-01 07:00:00,7,3,21.3213467292465,0.8220508889187701,52.71605542298047,319.2848092049453,3.2147735737078906,6.2,0.6242497009217308
2026-01-01 08:00:00,8,3,18.289758621310654,0.8579838610994853,168.53058827740466,457.47219987359955,6.07560633938428,6.2,0.6080841707024878
2026-01-01 09:00:00,9,3,18.49106705564887,0.7576347286911704,268.24707070159735,449.9286383901317,5.936955259385182,6.2,0.6100267239698068
2026-01-01 10:00:00,10,3,21.341593556161875,0.9655277569835394,482.5223651552706,451.6401897926484,5.947721833614699,8.5,0.42547324805010106
2026-01-01 11:00:00,11,3,21.551877590470433,0.9533350322514738,573.5886984958183,463.06045414911546,6.153450758221938,8.5,0.4626485048972949
2026-01-01 12:00:00,12,3,23.32310822829619,0.867923683707346,553.9010011357801,448.1059655834843,5.93215400526415,8.5,0.44717954477744537
2026-01-01 13:00:00,13,3,23.424398288094718,0.9952689448361639,598.8188825639363,509.0033197133997,7.058406022739054,8.5,0.4301047874808971
2026-01-01 14:00:00,14,3,25.41721558968194,0.9161011210702454,457.8214105840003,538.9092625127628,7.811689487008997,8.5,0.43013265542026224
2026-01-01 15:00:00,15,3,26.531273852870267,0.7568849044540114,267.9815890023801,507.33762023020074,7.151922236746876,8.5,0.41368803816651634
2026-01-01 16:00:00,16,3,28.66665108362739,0.9042500940898999,177.61849286020416,478.4022226179052,6.616147318834469,8.5,0.649365240237116
2026-01-01 17:00:00,17,3,29.746046328849445,0.7449340879005202,47.770748981103175,437.1444787532031,5.7936624202278875,8.5,0.6223585300859537
2026-01-01 18:00:00,18,3,26.900319027334536,0.9654140361568727,5.4863393565381825e-25,294.6357310960451,2.95301530726357,13.0,0.5941159994128019
2026-01-01 19:00:00,19,3,26.45872629843406,0.8540088906816496,0.0,269.44286221445526,2.351516350606717,13.0,0.6442564324880605
2026-01-01 20:00:00,20,3,31.50261809647726,0.8378165163745688,0.0,281.8429092617235,2.848972525497836,13.0,0.6031865357061688
2026-01-01 21:00:00,21,3,31.611216771338245,0.778288454671527,0.0,253.8503993548827,2.100451098745864,13.0,0.577804981189633
2026-01-01 22:00:00,22,3,27.79919248965219,1.0067049606408836,0.0,254.63233399342658,1.906398204606052,5.5,0.650636668676574
2026-01-01 23:00:00,23,3,25.745780796114296,0.8414564621517437,0.0,281.89242151373196,2.5376108556980173,5.5,0.6038870903130166
2026-01-02 00:00:00,0,4,27.648552231510802,0.8086006613404271,0.0,295.29395836437567,2.731828868384732,5.5,0.6077330272937363
2026-01-02 01:00:00,1,4,27.690352565038395,0.8177439739414124,0.0,282.1069027125462,2.6438715171660543,5.5,0.6212354006104753
2026-01-02 02:00:00,2,4,27.69639178365147,0.9238771022664019,0.0,261.84491996849346,2.2247178769645357,5.5,0.6542776766837034
2026-01-02 03:00:00,3,4,24.48035113263957,0.9038532877236893,0.0,263.6219511245903,2.22559645270186,5.5,0.6206011187259893
2026-01-02 04:00:00,4,4,21.942424955121457,0.9095279133915186,0.0,264.80192581741426,2.4971311275883368,5.5,0.5840264862156431
2026-01-02 05:00:00,5,4,20.12477016168997,0.9116985203609459,0.0,260.1716893614272,2.2583320746362348,5.5,0.6363163101233654
2026-01-02 06:00:00,6,4,20.68704991858379,1.1,0.0,294.4707364700476,2.9620245655455855,6.2,0.6054503082721483
2026-01-02 07:00:00,7,4,19.721473812726774,0.8112301980338461,52.091462329694416,312.23967798508045,3.151686210907399,6.2,0.676637719145884
2026-01-02 08:00:00,8,4,18.477398141406777,0.7985308725114155,157.06143717819768,462.74889689212,6.155063448709299,6.2,0.6199664083400633
2026-01-02 09:00:00,9,4,23.24350434484959,0.7623472726102547,270.27520348176245,419.91913608571684,5.402063271624033,6.2,0.55294893506304
2026-01-02 10:00:00,10,4,23.347625584186005,0.9339175307090595,467.3469900668677,454.0663117139781,6.098626948244784,8.5,0.4607209491646702
2026-01-02 11:00:00,11,4,23.168539119400403,0.995476675126507,599.741856622775,450.95190373715093,5.8334069180315735,8.5,0.5083379337678069
2026-01-02 12:00:00,12,4,21.118724403286308,0.8463263050814149,540.8373647515498,487.7279775040579,6.736528847796205,8.5,0.4972776086563617
2026-01-02 13:00:00,13,4,24.988433760933315,0.7591812227644966,457.38164181101047,489.8892318909102,6.799191846105554,8.5,0.5049286286626969
2026-01-02 14:00:00,14,4,25.959439614246854,0.7610622541170512,380.8474967217566,505.4678031532145,7.087841146487177,8.5,0.4194071944385561
2026-01-02 15:00:00,15,4,26.957913661818683,0.9380711345389641,332.5746360969874,540.0987465320039,7.72063588940541,8.5,0.47736457187930337
2026-01-02 16:00:00,16,4,29.374497900565665,0.949190500544413,186.69437751671538,445.1092290874713,5.8482310635573125,8.5,0.5983401638078987
2026-01-02 17:00:00,17,4,29.488590620224652,0.9251785121966234,59.408416665379704,445.6507479289596,5.895329039221913,8.5,0.6267286819825078
2026-01-02 18:00:00,18,4,30.440148373378694,0.7801388351253566,4.439348032617873e-25,264.5625198664298,2.3003303996896007,13.0,0.581811427137808
2026-01-02 19:00:00,19,4,30.784988556503656,0.8878593587680064,0.0,268.95009630149474,2.4394810842849517,13.0,0.6006663270535185
2026-01-02 20:00:00,20,4,30.51118711200316,0.8740022970968874,0.0,278.50659048824707,2.6782174302600286,13.0,0.5997125990790916
2026-01-02 21:00:00,21,4,27.154212436874065,0.8862426316074815,0.0,252.32264454213197,2.017018118489914,13.0,0.6469566584042785
2026-01-02 22:00:00,22,4,29.45555863503803,0.9645714533537828,0.0,285.8050544203476,2.670485468795416,5.5,0.6440215736500896
2026-01-02 23:00:00,23,4,27.701245967659048,0.8868314658529619,0.0,248.90366001952248,2.0218387677438803,5.5,0.6283045918799246
2026-01-03 00:00:00,0,5,25.580238563539968,0.9414696275686274,0.0,143.50084293103225,0.0,5.5,0.5794873574583385
2026-01-03 01:00:00,1,5,28.81682015446384,0.868109488338667,0.0,144.15479265863047,0.0,5.5,0.6106508169815084
2026-01-03 02:00:00,2,5,27.593493011328555,0.8946943278427981,0.0,138.27369842689814,0.0,5.5,0.5976165055117182
2026-01-03 03:00:00,3,5,25.744735674930812,0.9357545871006249,0.0,145.85904671906513,0.015139468496899983,5.5,0.6460902727008347
2026-01-03 04:00:00,4,5,22.88282012528381,0.68514130161732,0.0,141.23156206983265,0.0,5.5,0.6553455455845155
2026-01-03 05:00:00,5,5,23.490403775496247,0.8216394540371238,0.0,137.60904493095356,0.0,5.5,0.6516915675809265
2026-01-03 06:00:00,6,5,20.687952751980543,0.8035552814848645,0.0,144.99921405802493,0.0,6.2,0.5973434174174894
2026-01-03 07:00:00,7,5,20.474566783901327,0.783334658210799,50.367740868533986,137.28940057670536,0.0,6.2,0.5378140063313156
2026-01-03 08:00:00,8,5,18.359792944307024,0.826982929852798,162.87599825080326,245.4654044757448,1.9104358591767623,6.2,0.5669911430560983
2026-01-03 09:00:00,9,5,20.76585782530292,1.0393929573481275,368.99103226487097,229.57278455268062,1.5816483342003615,6.2,0.6626488093424663
2026-01-03 10:00:00,10,5,20.760451873714434,0.7561002661168108,378.87242938588474,246.2985725276114,1.8610451585912147,8.5,0.43796235182040527
2026-01-03 11:00:00,11,5,19.510487918815567,0.9761934025509776,588.9139324620867,225.56361434960053,1.3627160866689034,8.5,0.42747826145204665
2026-01-03 12:00:00,12,5,22.423204332275105,0.6580556274061035,421.0892411458134,229.51868033574806,1.5996415513178617,8.5,0.49927980880308703
2026-01-03 13:00:00,13,5,23.586310428702184,0.819813796401707,494.57388819055205,265.30616913657394,2.2292878167766874,8.5,0.48795479836464983
2026-01-03 14:00:00,14,5,27.69634174996696,0.8795303678126006,440.7217165564914,282.6189526158609,2.6609784003919805,8.5,0.4507334616575936
2026-01-03 15:00:00,15,5,27.635415218282716,0.9303466797631134,330.2789183850583,271.06123951681525,2.3418204361664197,8.5,0.4411979072680808
2026-01-03 16:00:00,16,5,27.517168158637197,0.9453471895751426,186.18808398264034,225.8841257735889,1.4077166808873438,8.5,0.6160369636156062
2026-01-03 17:00:00,17,5,28.908714870634363,0.955201668223991,61.418640932073316,232.09343439970547,1.665298524031799,8.5,0.626814883951624
2026-01-03 18:00:00,18,5,29.39644558607849,0.8181529913301875,4.6619166920500335e-25,111.1387957614361,0.0,13.0,0.6680014184395883
2026-01-03 19:00:00,19,5,29.52525815425202,0.8045177848802519,0.0,131.85408939567023,0.0,13.0,0.6326740227271168
2026-01-03 20:00:00,20,5,28.37635920391757,0.9629571057508585,0.0,152.88068077904555,0.2761999922226735,13.0,0.6417808709911742
2026-01-03 21:00:00,21,5,29.603051315034946,0.8370434810142062,0.0,135.72659946859744,0.0,13.0,0.6550781032721051
2026-01-03 22:00:00,22,5,28.210979633943424,0.7069176411994493,0.0,136.7973403747764,0.0,5.5,0.5849097199692674
2026-01-03 23:00:00,23,5,26.660060597548018,0.7240055343195824,0.0,143.54121383636195,0.0,5.5,0.6426458567742213
2026-01-04 00:00:00,0,6,28.266832721821302,0.7496657256798066,0.0,149.11649190881204,0.0,5.5,0.6111629373601517
2026-01-04 01:00:00,1,6,26.880992215412455,0.9196592892864517,0.0,122.61033686248621,0.0,5.5,0.5445171441268171
2026-01-04 02:00:00,2,6,22.319938732947882,0.8770910883284678,0.0,127.71996783026886,0.0,5.5,0.5561549137404256
2026-01-04 03:00:00,3,6,23.521877818244704,0.9428582424881322,0.0,148.1655147265419,0.0,5.5,0.5894564716544395
2026-01-04 04:00:00,4,6,23.993552078849884,0.8087296824396158,0.0,140.31743161843627,0.0,5.5,0.6359366968577774
2026-01-04 05:00:00,5,6,23.053301702411744,0.8790247629292057,0.0,161.20793816286195,0.21513952191950014,5.5,0.6234139869602089
2026-01-04 06:00:00,6,6,22.208628245405663,0.9350708472760804,0.0,145.37977354013628,0.0,6.2,0.6255310012152699
2026-01-04 07:00:00,7,6,20.22874067890685,0.8228784152335714,52.9819270754712,129.06703378332494,0.0,6.2,0.6785283044806008
2026-01-04 08:00:00,8,6,18.732432008046274,0.9148130285068894,180.41798847240347,229.71637180446606,1.717265007854332,6.2,0.5819273115542056
2026-01-04 09:00:00,9,6,18.54482262751757,0.7805688870720018,277.48162444585125,213.73683835044633,1.1941374061257468,6.2,0.6191769993744883
2026-01-04 10:00:00,10,6,21.186780338203345,0.8164335384121914,409.65796072049477,236.9321571808992,1.5992758951813668,8.5,0.4591330656844145
2026-01-04 11:00:00,11,6,22.033386145615008,0.8141914527202005,491.8463464233059,235.3952542621784,1.8021644473335474,8.5,0.42791180650384997
2026-01-04 12:00:00,12,6,24.430996667407598,0.7164992425293153,459.1073267641313,230.9228191731592,1.667686074656988,8.5,0.4508498023524882
2026-01-04 13:00:00,13,6,25.35587425000052,0.9184366976942698,554.8200397741723,282.17064536429865,2.581361045221107,8.5,0.4020015199774697
2026-01-04 14:00:00,14,6,24.80165701520324,0.8036717191756731,403.25452357889594,281.3653463815153,2.469090226017614,8.5,0.49229718651825083
2026-01-04 15:00:00,15,6,24.427786407221298,0.8614992942473225,306.25128362905247,266.1045236639855,2.2476281376358536,8.5,0.429551563424087
2026-01-04 16:00:00,16,6,27.021340104483652,0.9176895990687091,180.98530120002115,206.84682311075753,1.1314660185302234,8.5,0.6809420049433551
2026-01-04 17:00:00,17,6,28.861380698148526,0.9135837411235933,58.822088723529475,233.26719957998856,1.7819112005881532,8.5,0.6190257702824763
2026-01-04 18:00:00,18,6,29.027002150838086,0.9398462130767343,5.362579353658456e-25,137.49806626223491,0.0,13.0,0.6508416069619755
2026-01-04 19:00:00,19,6,28.962787969328858,0.8481817418588692,0.0,135.34408847766898,0.0,13.0,0.6184009139302654
2026-01-04 20:00:00,20,6,30.379327222454847,0.8092042025547015,0.0,142.82193993692874,0.0,13.0,0.6190776850321841
2026-01-04 21:00:00,21,6,29.073692519329423,0.8504338146912321,0.0,122.8845709002467,0.0,13.0,0.6024791200033398
2026-01-04 22:00:00,22,6,28.388027893334133,0.6575198679250365,0.0,156.01167832323287,0.22361218325854743,5.5,0.6235737178809884
2026-01-04 23:00:00,23,6,29.0027131573879,0.6863465033092295,0.0,128.6164081217997,0.0,5.5,0.6295399608324214
2026-01-05 00:00:00,0,0,26.89701112980619,0.7012760465174717,0.0,290.9860126896154,2.8529198031380014,5.5,0.5964722447325446
2026-01-05 01:00:00,1,0,26.66025180898013,0.7403303806878222,0.0,251.0100271770975,2.0448688585030244,5.5,0.6162486675242035
2026-01-05 02:00:00,2,0,25.409806034278184,0.9079729072068123,0.0,268.25523562913907,2.4735633517291657,5.5,0.6016970340182866
2026-01-05 03:00:00,3,0,21.99676127285003,0.7513425133567927,0.0,315.40123735885425,3.3631171852664385,5.5,0.6889899220884451
2026-01-05 04:00:00,4,0,21.778138314201883,0.8146204935152732,0.0,285.79418424275127,2.4781546356820274,5.5,0.6173080769026514
2026-01-05 05:00:00,5,0,23.621131503941957,1.0159073957343279,0.0,307.10749428672636,3.0636719610189282,5.5,0.6663569645508968
2026-01-05 06:00:00,6,0,18.926753711976374,0.8172483234726289,0.0,296.76519699694643,2.9491244528742566,6.2,0.6141313300757694
2026-01-05 07:00:00,7,0,16.995389195098863,0.9485018682160504,61.15349594956062,290.0996405863329,2.782494823114679,6.2,0.6277786292460472
2026-01-05 08:00:00,8,0,17.20723227013623,0.7479658783988148,147.71353794691436,487.539686905555,6.7985548110867775,6.2,0.5803590778506419
2026-01-05 09:00:00,9,0,20.214035788419665,0.8353474930558844,297.35906600593046,456.346742874064,6.205871513048249,6.2,0.606587822243964
2026-01-05 10:00:00,10,0,20.716248898126857,0.7459973534107303,374.8252741481597,425.44671406385754,5.569779454920119,8.5,0.45631604012367744
2026-01-05 11:00:00,11,0,21.288049810929582,0.8193160308919325,495.6160726102714,439.42396402140713,5.767051786172696,8.5,0.497580114928796
2026-01-05 12:00:00,12,0,24.321284743392752,0.9608369764948874,616.5087071432665,459.9214511166305,6.013795321220562,8.5,0.45665948333028816
2026-01-05 13:00:00,13,0,19.69665312483299,0.6527215492169182,394.8406701853614,523.2368782379874,7.419189439874266,8.5,0.49151161083579
2026-01-05 14:00:00,14,0,25.593900811646236,0.9121308372255028,458.29879899560774,484.2929514957621,6.727495844729138,8.5,0.4692218733060876
2026-01-05 15:00:00,15,0,28.636252528217963,0.8885282722798733,316.2898546549305,496.3552329328542,6.818059933402036,8.5,0.4988220401839406
2026-01-05 16:00:00,16,0,25.808328852662427,0.7887020053163847,155.75839347178143,426.538634657593,5.593900166164017,8.5,0.6182287334808483
2026-01-05 17:00:00,17,0,27.965824138247896,0.6864730574733855,44.25950938677431,428.9326599116079,5.669492527958888,8.5,0.6917066813195542
2026-01-05 18:00:00,18,0,28.20078914307926,0.8686555409256643,4.963128834280614e-25,237.73355540517207,1.7673578057330257,13.0,0.6054381139125763
2026-01-05 19:00:00,19,0,28.48811006232905,0.7964608749123437,0.0,251.70043265951335,1.7276306665590275,13.0,0.5970061449740699
2026-01-05 20:00:00,20,0,29.51060699246544,0.8879211453625645,0.0,251.39463020856192,1.9000837679000582,13.0,0.583698414509329
2026-01-05 21:00:00,21,0,31.970857056972097,0.8626222574628132,0.0,280.78099695791633,2.804238855013935,13.0,0.689930740146742
2026-01-05 22:00:00,22,0,32.086207032153474,1.05221346695851,0.0,284.5641835978244,2.63662989265365,5.5,0.6445834271785369
2026-01-05 23:00:00,23,0,28.031625068372517,0.8312773247032371,0.0,270.99312607786345,2.2214481992443695,5.5,0.6099763779985907
2026-01-06 00:00:00,0,1,30.357590321096705,0.7371803008853762,0.0,270.44328367432684,2.532390412317564,5.5,0.6574706809062049
2026-01-06 01:00:00,1,1,26.34745994098954,0.8815130761947579,0.0,283.9009232932419,2.679354025019205,5.5,0.6406307655535335
2026-01-06 02:00:00,2,1,27.630536540051622,0.8863996020766118,0.0,270.30164806579967,2.5165270102117656,5.5,0.6789838241412677
2026-01-06 03:00:00,3,1,23.565956800007157,1.0231025090288524,0.0,267.46362423878423,2.376968352297621,5.5,0.5735650150178027
2026-01-06 04:00:00,4,1,22.696586739069218,0.9602133495097493,0.0,273.56639929610367,2.5171838995432902,5.5,0.6120391967505724
2026-01-06 05:00:00,5,1,22.012677803031515,0.9028245270979411,0.0,280.5622504428498,2.6475459336284475,5.5,0.6061243584817152
2026-01-06 06:00:00,6,1,25.438153500129108,1.0355963469463474,0.0,271.55747160373915,2.5008982632668832,6.2,0.5607895197077419
2026-01-06 07:00:00,7,1,21.447299230821844,0.7173484334812579,46.31355813319308,294.90595945746776,3.125862234004965,6.2,0.6518098161433908
2026-01-06 08:00:00,8,1,18.939103205072804,0.7832298160700303,154.8897293388884,476.12526318487335,6.619605897293386,6.2,0.6118881033258993
2026-01-06 09:00:00,9,1,21.623867673968448,0.748810887031337,266.91996259930204,432.03883230342984,5.4827427142840435,6.2,0.6421889361495968
2026-01-06 10:00:00,10,1,20.127124175451296,0.8132228236213078,409.16269868404527,457.9523168018886,6.203712487565663,8.5,0.5207931580298883
2026-01-06 11:00:00,11,1,20.72984081971545,0.6947976622932429,420.86922764159385,449.9234413617438,6.112616904045198,8.5,0.4394026892451718
2026-01-06 12:00:00,12,1,23.86290203983817,0.9362181136177286,601.5357471936924,456.14715633966244,6.243213207446864,8.5,0.4373654105202854
2026-01-06 13:00:00,13,1,23.752533156144125,0.8333332763481471,504.7862873157718,515.8848164975976,7.275035831646043,8.5,0.4535599250917199
2026-01-06 14:00:00,14,1,25.417863871767707,0.683503244659681,343.89594588467565,486.33521296123064,6.843198703743426,8.5,0.4796174205895023
2026-01-06 15:00:00,15,1,26.315073058310542,0.738130510255095,263.11285212717337,486.67039090277285,6.826182058010577,8.5,0.4329986092406955
2026-01-06 16:00:00,16,1,28.004874689908153,0.8976216616940235,177.51159797021742,437.53924330376293,6.0080366097722315,8.5,0.6010711520860361
2026-01-06 17:00:00,17,1,29.172982752086963,0.9605751881473257,62.01680068034393,454.02916916108313,6.005583209596811,8.5,0.651715678107241
2026-01-06 18:00:00,18,1,26.42467661986407,1.0996077070030144,6.291303327053753e-25,222.64462732122595,1.4021524887844765,13.0,0.6313591797151411
2026-01-06 19:00:00,19,1,30.82948813435964,1.1,0.0,269.23419104209245,2.3540719159958536,13.0,0.5586581521098554
2026-01-06 20:00:00,20,1,28.526970870254548,0.9097291319931196,0.0,285.922815038411,2.669434085764342,13.0,0.5832382460159268
2026-01-06 21:00:00,21,1,27.666180428106223,0.7412554255961763,0.0,264.1389325104899,2.1937765752334375,13.0,0.6650370759148163
2026-01-06 22:00:00,22,1,29.24251015313417,0.6041544463122429,0.0,279.90364492847596,2.3218053480021448,5.5,0.6320578484923643
2026-01-06 23:00:00,23,1,28.661505410904418,0.8921253754812603,0.0,260.9624708673017,2.1757794699737207,5.5,0.5971341220688825
2026-01-07 00:00:00,0,2,26.459740753141578,0.7624470685627609,0.0,275.3514084130162,2.5439639742303144,5.5,0.6148877102829505
2026-01-07 01:00:00,1,2,27.540643012014563,0.8101571287784377,0.0,252.20584234699112,1.9947946623892314,5.5,0.6203971001840501
2026-01-07 02:00:00,2,2,22.98673725044364,0.786548384112823,0.0,242.80182044846026,2.049574527322116,5.5,0.6420720008084049
2026-01-07 03:00:00,3,2,23.095489151328554,0.8431050936300337,0.0,305.0763861398531,3.102865304068649,5.5,0.5792520981542363
2026-01-07 04:00:00,4,2,21.6226887976005,0.9879176276945172,0.0,272.7604723577266,2.5843123526729457,5.5,0.5947715258398862
2026-01-07 05:00:00,5,2,21.394585188558253,0.8788458280934414,0.0,283.7893861842743,2.7019297649584826,5.5,0.6281886726459016
2026-01-07 06:00:00,6,2,21.088169408048664,0.8409638195553574,0.0,267.54403944113653,2.4335215198120568,6.2,0.6170049625851365
2026-01-07 07:00:00,7,2,18.658531444119344,0.7357215496609026,47.56527902298031,266.60943273882623,2.3601128101698805,6.2,0.6371557754791013
2026-01-07 08:00:00,8,2,21.086424016184342,0.6590380466354772,130.50960479520938,459.8613024550635,6.334104512291626,6.2,0.5831147780792121
2026-01-07 09:00:00,9,2,20.26487442105671,0.8016430509112003,286.1465510618745,447.4742122233566,5.955078179480372,6.2,0.6307138602881396
2026-01-07 10:00:00,10,2,17.831953601109944,0.8535460939018016,430.0431485747669,464.3034779639046,6.33568163008697,8.5,0.4827475085813242
2026-01-07 11:00:00,11,2,18.526578933471715,1.072151589629586,650.3446866850857,462.02797721817046,6.277192837728414,8.5,0.4646045564144785
2026-01-07 12:00:00,12,2,22.481521060606035,0.8756329425767463,563.3847301513537,455.7752936338429,6.086677326864127,8.5,0.45417335219284777
2026-01-07 13:00:00,13,2,23.374453797807867,0.9779287413227669,593.1910813988732,520.4125285601742,7.448748803095952,8.5,0.44712349192302087
2026-01-07 14:00:00,14,2,24.84486982963805,0.8000845281753017,403.1075440221605,540.8998276887739,8.041435178395247,8.5,0.42495446541685494
2026-01-07 15:00:00,15,2,26.252121540717276,0.717806748029957,256.2211760511657,490.17671043939384,6.776494514578332,8.5,0.44784004222680635
2026-01-07 16:00:00,16,2,27.83833975926527,0.7441859885321154,147.37149054336595,436.0207913515809,5.762362316316943,8.5,0.6577911755864122
2026-01-07 17:00:00,17,2,29.95700832070519,0.7729728722557097,49.97362162761623,455.8995293750166,6.243768482587276,8.5,0.6164291448019963
2026-01-07 18:00:00,18,2,27.663469667545854,1.1,6.302228029000045e-25,285.26171656808464,2.8192596594561206,13.0,0.5933058803195477
2026-01-07 19:00:00,19,2,28.07167174209415,0.7614335984930737,0.0,237.41936691746167,1.74955898012117,13.0,0.6052325873370384
2026-01-07 20:00:00,20,2,28.360014213168927,0.9606187044483614,0.0,258.8872209934278,1.9394055495728195,13.0,0.6260255089182779
2026-01-07 21:00:00,21,2,30.2630041321984,0.7516487386295568,0.0,291.33957800781246,2.878461842021096,13.0,0.6087945800845745
2026-01-07 22:00:00,22,2,31.197548086891864,0.9717887615449092,0.0,279.1454238935832,2.3609610520093587,5.5,0.6345590984918942
2026-01-07 23:00:00,23,2,27.888524748573474,0.9061941159327036,0.0,277.1324488900981,2.689642700896085,5.5,0.6356853128224709
2026-01-08 00:00:00,0,3,23.747450233760517,0.8412034522810291,0.0,273.58167551817616,2.488580897482849,5.5,0.6466694954121395
2026-01-08 01:00:00,1,3,23.73810593159704,0.8551084968637479,0.0,274.47386901379843,2.589444782263168,5.5,0.662706784167951
2026-01-08 02:00:00,2,3,23.750444915805982,0.7814254765484732,0.0,290.18794313562586,2.713547748894412,5.5,0.6498757617311708
2026-01-08 03:00:00,3,3,22.86931144324457,0.9135286641778496,0.0,283.5638674680775,2.5160266020315443,5.5,0.5919728280755612
2026-01-08 04:00:00,4,3,21.88741705911791,0.8054019823591064,0.0,289.7239658779666,2.8205547559734483,5.5,0.5928939666027119
2026-01-08 05:00:00,5,3,21.52233777853864,0.7129273083479302,0.0,293.4036641044067,2.8647129380925196,5.5,0.6177268557062052
2026-01-08 06:00:00,6,3,20.202253484844135,0.7066474910816457,0.0,280.294712487117,2.5567401671266237,6.2,0.6064647392828175
2026-01-08 07:00:00,7,3,21.74438028436977,0.8807105501266543,57.01798149947967,301.56721612420193,3.039810450557315,6.2,0.5858501981911717
2026-01-08 08:00:00,8,3,18.985974041477945,1.0494909507692523,208.1194902657742,515.4467847282441,7.585679283768108,6.2,0.6067492461748102
2026-01-08 09:00:00,9,3,18.876893929341346,0.8791989936288126,314.2655195674067,428.6208422099288,5.655869398935482,6.2,0.6057646119914288
2026-01-08 10:00:00,10,3,21.388186288858503,0.8457634008668141,426.7131331934153,463.3322254354196,6.371594369294724,8.5,0.42984456780716385
2026-01-08 11:00:00,11,3,19.161002989178083,0.8942991367523051,543.2156610076506,440.1988640813975,5.888370970783286,8.5,0.44052631541534987
2026-01-08 12:00:00,12,3,23.084537557980003,1.016720209004819,655.0681797749718,460.3932463953465,6.35581114229215,8.5,0.48535352550954997
2026-01-08 13:00:00,13,3,23.859734550076798,0.8863259001636627,538.3725533651692,516.9557488433637,7.3201078095772,8.5,0.4559771412374772
2026-01-08 14:00:00,14,3,24.77883626512275,0.8106887322999515,409.01690549599175,526.2133859327644,7.318791587887758,8.5,0.5241542722816641
2026-01-08 15:00:00,15,3,28.676509386236496,0.9927546452071867,354.8554498354112,530.5525166593599,7.592191719886596,8.5,0.45511524558058947
2026-01-08 16:00:00,16,3,26.566688832057924,0.9114507726153936,180.74540810477973,440.4731990630607,5.890637552260864,8.5,0.6112980267818825
2026-01-08 17:00:00,17,3,31.625981161718855,1.044290719039519,67.60830659938256,455.8880537971192,6.0207810364308765,8.5,0.620123986479646
2026-01-08 18:00:00,18,3,28.991979845080042,0.8819881324666288,5.060183164919976e-25,220.3026379118038,1.388416163187143,13.0,0.6276947593533062
2026-01-08 19:00:00,19,3,27.91410446399,0.7130637161935399,0.0,291.6392539681524,2.7636081050628163,13.0,0.6330576187151319
2026-01-08 20:00:00,20,3,30.10487937149224,0.6958208960905202,0.0,271.26073767729554,2.5754176787302234,13.0,0.6823013397757707
2026-01-08 21:00:00,21,3,28.215261330967188,1.0581113518677498,0.0,286.294578685615,2.800837275252957,13.0,0.5946403860506729
2026-01-08 22:00:00,22,3,28.202493247201943,1.0668398864939956,0.0,248.04223659285262,2.025998793921448,5.5,0.6457713817453321
2026-01-08 23:00:00,23,3,29.131083855955975,0.8384576944060879,0.0,258.66385645456614,2.2354372604034203,5.5,0.6262325179284237
2026-01-09 00:00:00,0,4,28.333373132975186,0.8140175214636814,0.0,280.1268892946059,2.598812860636906,5.5,0.5728670677228814
2026-01-09 01:00:00,1,4,25.360843675131214,1.0353733150690643,0.0,281.0756036684635,2.64126770162202,5.5,0.6431209634628429
2026-01-09 02:00:00,2,4,26.4811077175696,0.7271545181547814,0.0,290.0952345841798,2.683386233630365,5.5,0.6580287068241172
2026-01-09 03:00:00,3,4,25.442166411519096,0.7526327577253008,0.0,307.6278746145376,2.933913294415695,5.5,0.5942847078866771
2026-01-09 04:00:00,4,4,24.654452634844937,0.9371992153626854,0.0,258.7164153813153,2.1893364206608084,5.5,0.6197319839632409
2026-01-09 05:00:00,5,4,22.258586204755847,0.8126473852568492,0.0,309.5176306852476,3.222751639332166,5.5,0.5682393721397689
2026-01-09 06:00:00,6,4,22.715016049206355,0.8593853759935914,0.0,292.6490743792427,2.9739079444273915,6.2,0.5822358062094699
2026-01-09 07:00:00,7,4,17.34917322659357,0.8403868521770584,54.48328106509871,288.32081389409416,2.92354985949012,6.2,0.6514408873285176
2026-01-09 08:00:00,8,4,19.523140177057307,0.900508945855872,178.82467781290347,436.5103068378386,5.887205985256667,6.2,0.6060075048197769
2026-01-09 09:00:00,9,4,18.86986298406952,1.028897823357646,368.28765748537546,469.6614777485818,6.293427195642248,6.2,0.5867359107518588
2026-01-09 10:00:00,10,4,20.848711772768898,0.8708701888282094,439.9931451527704,414.0460586814413,5.245694670133849,8.5,0.4568838109337529
2026-01-09 11:00:00,11,4,20.607292265272157,0.9372726551932229,570.1127869583547,465.5533778788347,6.359100987164831,8.5,0.4343276270570693
2026-01-09 12:00:00,12,4,22.2507632370754,0.6139793478762773,396.13587558594185,423.1420949614861,5.71603236700394,8.5,0.4358753502667339
2026-01-09 13:00:00,13,4,26.529167094793472,0.8541537917683858,519.554257790366,517.0799567505768,7.489609055382927,8.5,0.4721797807702471
2026-01-09 14:00:00,14,4,24.745420305369432,0.7588123675648555,383.377734671248,510.35496092809746,7.319038934761787,8.5,0.4151479992319696
2026-01-09 15:00:00,15,4,26.914783701297925,0.7137424327491646,255.4797207630322,530.4450849334917,7.570122903114904,8.5,0.42283904361954505
2026-01-09 16:00:00,16,4,27.151596005113646,0.7546217159685499,149.85413065545987,433.7938259009834,5.587556554904156,8.5,0.6246223997644661
2026-01-09 17:00:00,17,4,28.649103837867987,0.8199051871159025,53.155430312415845,423.016618505042,5.539223158439164,8.5,0.6490822937224462
2026-01-09 18:00:00,18,4,29.339152039576298,0.9699083050827215,5.572364776694725e-25,253.38115147251835,1.9575569030269313,13.0,0.6571448090446955
2026-01-09 19:00:00,19,4,30.50211523040508,0.7008328738712524,0.0,285.9230024432479,2.694616413766928,13.0,0.6000481483891513
2026-01-09 20:00:00,20,4,31.747961303320764,0.8636757791113301,0.0,274.1629643884895,2.471781492869598,13.0,0.6481213090075895
2026-01-09 21:00:00,21,4,32.30072012785033,0.8018996679999706,0.0,259.95205861478485,2.358332381207978,13.0,0.5964757311958877
2026-01-09 22:00:00,22,4,29.794557141785944,0.8206792286765647,0.0,265.74396444063876,2.2794095585168077,5.5,0.674786280407204
2026-01-09 23:00:00,23,4,29.41985423498614,0.9803309390365524,0.0,245.4085266929241,1.6642455700012206,5.5,0.5859868692374082
2026-01-10 00:00:00,0,5,25.77370323622165,0.9245738524404711,0.0,144.09589458843024,0.0,5.5,0.6598543643237519
2026-01-10 01:00:00,1,5,26.16228011188917,1.0204877728931292,0.0,124.9630816159107,0.0,5.5,0.6003054167954383
2026-01-10 02:00:00,2,5,26.410434197325383,0.8414593184900119,0.0,151.81778501177104,0.04061880267919541,5.5,0.680397393643838
2026-01-10 03:00:00,3,5,25.004857732113123,0.7764868865995156,0.0,147.35698471045254,0.0,5.5,0.6377396218655745
2026-01-10 04:00:00,4,5,22.817414599192574,0.8331369419743401,0.0,171.02553239700345,0.3931402483582921,5.5,0.5895195041177533
2026-01-10 05:00:00,5,5,22.79405703341919,0.8890996149525465,0.0,137.32754608501418,0.0,5.5,0.6043328456137248
2026-01-10 06:00:00,6,5,21.406023044568535,0.8811888030144454,0.0,147.48364529869772,0.0,6.2,0.6434354361567123
2026-01-10 07:00:00,7,5,21.970830255943643,0.729873431331996,47.38490626763742,166.02193630602312,0.2687373036250264,6.2,0.6515793325284669
2026-01-10 08:00:00,8,5,20.434038735435667,0.8708587737953449,173.17915573526508,254.06446702010663,2.149693131713871,6.2,0.6178785322482662
2026-01-10 09:00:00,9,5,19.636823395198107,0.8873873996166686,318.080203402055,234.066131634148,1.6199141551485234,6.2,0.6213397484289039
2026-01-10 10:00:00,10,5,21.173634866477343,1.1,556.5364815904702,241.46727754089716,1.668464879890946,8.5,0.472750590979322
2026-01-10 11:00:00,11,5,17.0685745302881,1.0852213533538004,661.0307040574352,237.2800507506052,1.8124565493377776,8.5,0.45395395281032463
2026-01-10 12:00:00,12,5,23.074328604577573,0.7576107979329416,489.49136500160654,237.9163630872022,1.8706367247881979,8.5,0.41119485421984875
2026-01-10 13:00:00,13,5,18.23328553666522,0.8255139966140989,502.83759779022773,264.5728065616544,2.286956610468787,8.5,0.4256107792607946
2026-01-10 14:00:00,14,5,22.414804888891872,0.6843869597795597,346.2602824019225,268.61572801326275,2.1762300004183017,8.5,0.45705359829454995
2026-01-10 15:00:00,15,5,26.97174812692408,0.7891151583243816,282.8549404418988,251.97065053997156,2.110009985469313,8.5,0.4864644724949308
2026-01-10 16:00:00,16,5,28.216294005900192,0.8978726004308408,178.55113088288346,229.31801259227242,1.4203714637034797,8.5,0.6684794727248614
2026-01-10 17:00:00,17,5,26.79189073572284,1.004702434506588,65.22737866903755,231.61131659999134,1.6631062596846435,8.5,0.6433858826231436
2026-01-10 18:00:00,18,5,28.261973956103784,0.772509939470767,4.444484571599986e-25,129.74854781482554,0.0,13.0,0.6286187228310909
2026-01-10 19:00:00,19,5,31.885440614366537,0.7815024271918644,0.0,116.2921081163258,0.0,13.0,0.6424644165794743
2026-01-10 20:00:00,20,5,29.273954802640986,0.6023253164313613,0.0,142.89175586100788,0.0,13.0,0.5999974744937944
2026-01-10 21:00:00,21,5,33.19400960004982,0.8404800895346111,0.0,138.02516693133973,0.0,13.0,0.6154030711922536
2026-01-10 22:00:00,22,5,29.327247239157675,0.7325102705768525,0.0,128.93745053276035,0.0,5.5,0.5952760783598157
2026-01-10 23:00:00,23,5,29.14758817125464,0.7964672687160711,0.0,135.33679845420738,0.0,5.5,0.5825377216787686
2026-01-11 00:00:00,0,6,29.92531159774791,0.7547767066198894,0.0,125.39337291245981,0.0,5.5,0.6300064703490862
2026-01-11 01:00:00,1,6,26.490635899802733,0.8486884934896931,0.0,132.23369685709457,0.0,5.5,0.6255653991975423
2026-01-11 02:00:00,2,6,23.4964840289638,0.6490725930372042,0.0,139.05066767106433,0.0,5.5,0.6406295745352704
2026-01-11 03:00:00,3,6,23.541313596945958,0.6839545705530812,0.0,158.2449969863625,0.09514421906761937,5.5,0.6363833549267734
2026-01-11 04:00:00,4,6,22.446583895714863,1.1,0.0,141.06362601143564,0.0,5.5,0.6272793281397159
2026-01-11 05:00:00,5,6,19.417353615764913,0.7055092902471163,0.0,154.55700329423954,0.0,5.5,0.6366984999703267
2026-01-11 06:00:00,6,6,20.28612487406657,0.7283857305854432,0.0,143.17066959167036,0.0,6.2,0.6187195071131757
2026-01-11 07:00:00,7,6,19.057082727558505,1.0804296233985577,70.24255968953524,150.67356891931837,0.0,6.2,0.632386741856672
2026-01-11 08:00:00,8,6,21.38653663578115,1.1,219.05438261323715,240.869894109998,1.5801783293936085,6.2,0.5982156679194092
2026-01-11 09:00:00,9,6,20.22228867983254,0.719412004540959,258.2334147144944,249.60189128570718,1.9384663384372036,6.2,0.6310911777691739
2026-01-11 10:00:00,10,6,20.245679357356455,0.8158101251854363,413.3342741797923,233.95536775163632,1.589003952107231,8.5,0.4700525305585803
2026-01-11 11:00:00,11,6,21.3051931981334,0.9009866661128612,549.5826838211165,221.69222744707167,1.5914123081584997,8.5,0.4299095571578339
2026-01-11 12:00:00,12,6,22.83468302760925,1.067443717328671,690.6455842348242,221.44370458950007,1.2585962306006704,8.5,0.4515549629697854
2026-01-11 13:00:00,13,6,24.631126074022067,0.7415771505886115,452.3462732686579,266.2241556878709,2.1803480337840124,8.5,0.4312919247111192
2026-01-11 14:00:00,14,6,23.50043165699593,0.8305666584869468,420.81074547291763,257.13430629028727,2.2536830901163154,8.5,0.4342047991045166
2026-01-11 15:00:00,15,6,24.731713776580694,0.9532805091274092,342.1806690726792,271.8524680104386,2.5727256759551684,8.5,0.4162521193469354
2026-01-11 16:00:00,16,6,29.157018823103794,0.9121719289359942,181.65023520927258,223.36918558668344,1.3928854178611045,8.5,0.6579732477549967
2026-01-11 17:00:00,17,6,27.91702859762564,0.8148612714523881,52.97701975130929,250.66471677837689,1.950085753286647,8.5,0.6519705552416014
2026-01-11 18:00:00,18,6,27.20486388002688,0.843941244258075,4.862290626502229e-25,114.79662550814241,0.0,13.0,0.63612301562682
2026-01-11 19:00:00,19,6,30.49534819552,0.6950125029956021,0.0,134.29708040234223,0.0,13.0,0.6791658785583145
2026-01-11 20:00:00,20,6,30.69505470904903,0.8314191507230402,0.0,121.93855548607227,0.0,13.0,0.6143226291029482
2026-01-11 21:00:00,21,6,27.53355624556028,0.8280335011989254,0.0,129.53169578542247,0.0,13.0,0.7109528724533191
2026-01-11 22:00:00,22,6,29.674349592117604,0.8878603867551507,0.0,137.5250527860714,0.0,5.5,0.6131741175391033
2026-01-11 23:00:00,23,6,29.638908544575298,0.7933607337417181,0.0,115.09356626664875,0.0,5.5,0.6276558005526804
2026-01-12 00:00:00,0,0,28.061579677559394,0.9165846227054166,0.0,281.7628701021845,2.645351081217205,5.5,0.6080666625817938
2026-01-12 01:00:00,1,0,27.242067451154696,0.9815258981383794,0.0,315.63461999747284,3.4260713272058583,5.5,0.6311697668018091
2026-01-12 02:00:00,2,0,22.893596352863877,0.8786515193202159,0.0,276.8381106293653,2.7474506859151204,5.5,0.6450684478365873
2026-01-12 03:00:00,3,0,24.202465006981686,0.9022107690079044,0.0,292.78314314029734,2.7979780154911156,5.5,0.6165825082084074
2026-01-12 04:00:00,4,0,22.04607036079433,0.8663786417093441,0.0,308.9389715330238,3.177095758287133,5.5,0.6733015954135286
2026-01-12 05:00:00,5,0,20.740280855980295,0.8600101271709697,0.0,289.03772439385006,2.9629600100112854,5.5,0.6271744785390038
2026-01-12 06:00:00,6,0,21.975706395207396,0.7734130359748583,0.0,282.0427166064333,2.4886344046095235,6.2,0.6281145615833059
2026-01-12 07:00:00,7,0,22.389282634566005,0.8979793114007969,58.46342655842099,251.02563212734447,2.123270749602271,6.2,0.5927300691645885
2026-01-12 08:00:00,8,0,22.69155508190054,0.8483256081903813,169.1748995892047,474.5282140058761,6.388732726881396,6.2,0.6325549722365116
2026-01-12 09:00:00,9,0,22.142582675813518,1.1,395.4044309150782,458.56957034267805,6.181638643563877,6.2,0.615979183375719
2026-01-12 10:00:00,10,0,20.505271708632534,1.048802588297029,532.1329692174501,439.2716906750131,5.761171908760234,8.5,0.4317528081198814
2026-01-12 11:00:00,11,0,21.993546338606777,0.90630158630678,553.6069145196826,456.1610264615363,6.0274193691606035,8.5,0.4267057677555491
2026-01-12 12:00:00,12,0,23.650234307676364,0.7684331348366279,497.8865866040696,439.49375357748875,5.6915648787839475,8.5,0.5301529013927005
2026-01-12 13:00:00,13,0,23.88767169843659,0.7265106233619898,443.7830746873024,506.6060439633828,7.1597623156930315,8.5,0.44209568249462894
2026-01-12 14:00:00,14,0,25.196146281867318,1.0029371543706638,508.8621365440554,523.4132408099567,7.5678187490154025,8.5,0.406290437376562
2026-01-12 15:00:00,15,0,27.529724923326874,0.8915299070176566,320.4680686618991,485.3025148783726,6.693076677248603,8.5,0.4290533562080228
2026-01-12 16:00:00,16,0,27.4110760309611,0.9176172084069932,182.99317808491867,455.8612940925611,6.124237197724543,8.5,0.6184529648157135
2026-01-12 17:00:00,17,0,27.441603501372246,0.6506496815630969,42.360897840714365,410.3527616695327,5.264172640019758,8.5,0.6364000109784945
2026-01-12 18:00:00,18,0,28.708417420168402,0.9712926177869816,5.60393228351911e-25,250.57137464960525,1.9142656156908089,13.0,0.6366438956517594
2026-01-12 19:00:00,19,0,30.780494698045953,0.9145304405857235,0.0,297.62414409886236,3.026452132818539,13.0,0.6402984365532958
2026-01-12 20:00:00,20,0,30.004489936799935,0.7267483178702626,0.0,284.802004652797,2.7779744027619144,13.0,0.6006541908008801
2026-01-12 21:00:00,21,0,30.339944096747846,0.8034170231060062,0.0,268.65027014711967,2.633368032817434,13.0,0.6302132133050463
2026-01-12 22:00:00,22,0,30.33524588222548,0.8916460645227824,0.0,253.0704561209781,2.0237987033636036,5.5,0.5937182160766826
2026-01-12 23:00:00,23,0,27.973271711586325,0.8662960158027492,0.0,264.0908128028641,2.236008075890469,5.5,0.6014107105095796
2026-01-13 00:00:00,0,1,28.63437224544471,0.8249394577035734,0.0,278.8189556625425,2.6532757004082246,5.5,0.5924687307649922
2026-01-13 01:00:00,1,1,26.862359130700195,0.8475814078320847,0.0,282.0577038586506,2.7230644940642255,5.5,0.5843483343620519
2026-01-13 02:00:00,2,1,23.147780369632784,0.8297627146151737,0.0,283.36432326673264,2.6137777499969816,5.5,0.6519262846657402
2026-01-13 03:00:00,3,1,25.869361961266762,0.8783075014522962,0.0,287.55161646428286,2.7107160615926524,5.5,0.6406583510293666
2026-01-13 04:00:00,4,1,21.748882884364626,1.0365790367591787,0.0,286.63162908207454,2.786745665463295,5.5,0.6492999610993438
2026-01-13 05:00:00,5,1,18.981823079289487,0.5520009870882443,0.0,266.03327015281576,2.237906978982849,5.5,0.6211793919807289
2026-01-13 06:00:00,6,1,19.102307416698352,0.8315779682588379,0.0,283.202806641105,2.623002734020598,6.2,0.6433042309659543
2026-01-13 07:00:00,7,1,18.638803127537177,0.8811814905646936,57.45130651216606,308.4521203660993,3.178001684058829,6.2,0.5671613178607237
2026-01-13 08:00:00,8,1,20.0782599779863,0.895519278762452,178.84009776112018,438.36036370084645,5.866801142499155,6.2,0.6458926255413606
2026-01-13 09:00:00,9,1,19.759595110235303,0.8153702502414452,293.5082525464817,457.19460251009116,6.08343218858387,6.2,0.6253135949001509
2026-01-13 10:00:00,10,1,20.16462502961692,0.64919338610257,329.8504735887638,442.7444292821248,5.670650139439429,8.5,0.46881328800447497
2026-01-13 11:00:00,11,1,22.39401904229098,0.8993594580456932,550.1469131009989,455.8865934057038,5.926072121362256,8.5,0.4614006989714584
2026-01-13 12:00:00,12,1,23.009813041789055,1.0672820256997022,692.5005886310606,443.0046027407973,5.734150748145332,8.5,0.4203883453638934
2026-01-13 13:00:00,13,1,24.179976580453825,0.6759366314100634,413.4770006535485,542.7108002930063,7.722899234040132,8.5,0.4050588067382686
2026-01-13 14:00:00,14,1,25.61474268599304,0.9636593616437825,489.62836593998554,521.6184967754245,7.4169088596465,8.5,0.42863837501451113
2026-01-13 15:00:00,15,1,27.21829722751596,0.8205769732252527,295.38251293802585,485.780941298212,6.596730810604479,8.5,0.4669475184381874
2026-01-13 16:00:00,16,1,24.338069987333835,0.8526410785005383,170.2770866584908,449.09172315228,5.911558967063479,8.5,0.6407027424552618
2026-01-13 17:00:00,17,1,27.988876527536046,0.7336521787155261,47.83268446287199,421.5673791929469,5.353938995360733,8.5,0.5789617316785441
2026-01-13 18:00:00,18,1,26.05981192218798,0.8198652593172948,4.736983625897036e-25,252.11406531520439,1.9982305202192885,13.0,0.5905670189759535
2026-01-13 19:00:00,19,1,29.883719021642033,1.016005351363875,0.0,268.6598549675922,2.505447532504156,13.0,0.5983029294217748
2026-01-13 20:00:00,20,1,29.993050541663482,0.9299186290385248,0.0,255.658165388091,2.1793580667048715,13.0,0.6092808481919956
2026-01-13 21:00:00,21,1,31.397927543629862,1.0678773926491933,0.0,282.96480297601494,2.6609090010478993,13.0,0.5791384750744204
2026-01-13 22:00:00,22,1,31.111578608003875,1.0012894266773231,0.0,256.0588188927589,2.0750737497970944,5.5,0.5773384470157961
2026-01-13 23:00:00,23,1,28.83969647831129,0.9126904014715491,0.0,262.47667637681764,2.206210261874051,5.5,0.5953449411077734
2026-01-14 00:00:00,0,2,26.74945838390465,1.069272143140135,0.0,265.68532391613405,2.346481125317876,5.5,0.6225876150867502
2026-01-14 01:00:00,1,2,27.02183689433121,0.9126791790485959,0.0,271.20078820614714,2.482432671458172,5.5,0.5845821698073953
2026-01-14 02:00:00,2,2,24.208123544013528,0.9593585812156471,0.0,304.78544799986065,3.004947209387153,5.5,0.6165258947008471
2026-01-14 03:00:00,3,2,23.70381579732237,0.824411485575835,0.0,299.4249350027836,2.9921467756170954,5.5,0.6517565844842544
2026-01-14 04:00:00,4,2,23.97920447544115,0.8679854979031045,0.0,321.26937222898385,3.2222254877133745,5.5,0.5809466078775947
2026-01-14 05:00:00,5,2,20.627809075083128,0.7763091412039668,0.0,332.8064830645226,3.6773010397075114,5.5,0.6138066272476839
2026-01-14 06:00:00,6,2,21.878390939941557,0.9787500721513823,0.0,273.9470934252179,2.555156792700226,6.2,0.6507427020125232
2026-01-14 07:00:00,7,2,21.186472921593115,0.7186035652262162,46.91836234145855,293.25643168622724,2.837121771036457,6.2,0.6074519482890857
2026-01-14 08:00:00,8,2,18.56781227430377,0.9538820410901193,190.76713838302783,441.8187753571848,6.018028206757707,6.2,0.6027899092742475
2026-01-14 09:00:00,9,2,21.63121206088076,0.8371218730993808,301.7679265261848,446.6096950183294,5.844070055622982,6.2,0.6549048744291942
2026-01-14 10:00:00,10,2,21.717722499135068,1.0005496512160783,509.0970777700222,446.15851481539795,5.944914337838285,8.5,0.4408139376308536
2026-01-14 11:00:00,11,2,21.61735492512625,0.9501042786477512,582.0168820624311,434.8534979420489,5.693487484174382,8.5,0.483134850756167
2026-01-14 12:00:00,12,2,21.356514812958522,1.0784775389176162,700.7627205723616,431.06602908782855,5.61129081501223,8.5,0.462868961733816
2026-01-14 13:00:00,13,2,22.417095746624042,0.9476929629366374,580.5397532004835,513.5205955100977,7.258979693401479,8.5,0.4397146604127049
2026-01-14 14:00:00,14,2,24.193506134645467,0.6713551693216111,341.59719553349686,490.59906846904465,6.82269187238184,8.5,0.4643907159179259
2026-01-14 15:00:00,15,2,27.107986920450543,0.8519656192522159,307.1188397472641,524.5516835466792,7.575829545279954,8.5,0.45961348541538116
2026-01-14 16:00:00,16,2,26.066562248897903,0.7193591368886221,143.864836638603,420.49005526971814,5.547574729021837,8.5,0.6506264846300742
2026-01-14 17:00:00,17,2,29.191802278862543,0.797806418916047,52.08959773148512,486.08335406739906,6.7214420568975655,8.5,0.6035496338640495
2026-01-14 18:00:00,18,2,27.4674937256046,1.0413474119932067,6.025234793989658e-25,254.37507988264088,2.1690332048699807,13.0,0.6212361820034485
2026-01-14 19:00:00,19,2,29.52352625478707,0.9365040573077235,0.0,264.3074301601709,2.2159719085767393,13.0,0.6181545296118609
2026-01-14 20:00:00,20,2,30.164471631861012,0.7761283485705505,0.0,241.1934776228448,1.9004650977295192,13.0,0.6411244442491936
2026-01-14 21:00:00,21,2,33.49732434903372,0.7383539160271522,0.0,297.6030499284993,2.875861846187286,13.0,0.5892446241666747
2026-01-14 22:00:00,22,2,27.264153535641643,0.8639338511451513,0.0,290.1510122544525,2.912086238697863,5.5,0.6505093114471356
2026-01-14 23:00:00,23,2,30.743555755667938,0.7140127820742647,0.0,278.9621999967122,2.8003080876735673,5.5,0.6339898631651125
2026-01-15 00:00:00,0,3,27.72476362098092,0.7794631667124102,0.0,253.25755412196781,2.0529426936422173,5.5,0.5804922477910116
2026-01-15 01:00:00,1,3,26.910853102536546,0.8974411365861492,0.0,285.174289475581,2.484231440430879,5.5,0.656247884764415
2026-01-15 02:00:00,2,3,25.177521870082305,0.9986374443328035,0.0,264.8142411716894,2.2414775301093055,5.5,0.6870227924239319
2026-01-15 03:00:00,3,3,24.372995001780243,0.9330513766669327,0.0,314.4289964603187,3.4117674426353037,5.5,0.6500550190864822
2026-01-15 04:00:00,4,3,22.26947234345697,0.585045258968228,0.0,305.0558862301237,3.1564254033049983,5.5,0.6628095430167941
2026-01-15 05:00:00,5,3,23.64554136625345,0.8965240074836311,0.0,293.7067900871153,2.899027161609809,5.5,0.6225611414480776
2026-01-15 06:00:00,6,3,19.985166264740723,0.8686440287879094,0.0,248.64523806154818,2.0737715968264476,6.2,0.5701548524078447
2026-01-15 07:00:00,7,3,21.86872272682353,0.9096668342447232,59.47807490083534,274.28739977847346,2.534193339494311,6.2,0.5646763864649742
2026-01-15 08:00:00,8,3,19.033449319680464,1.0539451617981448,211.08043108146194,475.3700814255643,6.6291741472564,6.2,0.6276524613160327
2026-01-15 09:00:00,9,3,20.07999309895273,0.6124114067834309,221.0796281857104,482.438508168815,6.740712531040999,6.2,0.6022406357681006
2026-01-15 10:00:00,10,3,19.06192915264248,0.7890675889770673,402.06588907317354,477.46505660685835,6.701471177410863,8.5,0.42256271165017945
2026-01-15 11:00:00,11,3,22.14700167458854,0.9309087587352025,571.0741339766777,425.22605163619164,5.540400641114458,8.5,0.44811759948093977
2026-01-15 12:00:00,12,3,24.6676889353898,0.6702086720655269,436.10492732524233,455.4279415226323,6.199084770602041,8.5,0.46846755863583867
2026-01-15 13:00:00,13,3,23.589870504756117,1.037113885766421,636.2265996443558,534.396988220155,7.657227057094522,8.5,0.4064172735971356
2026-01-15 14:00:00,14,3,24.704671451944137,0.904202793524079,460.7325217247922,482.6499598195196,6.592853115234492,8.5,0.4365336713915885
2026-01-15 15:00:00,15,3,24.622169780910713,0.9615900783012085,347.13262134432705,509.25111700548354,7.355699104151569,8.5,0.4952961204936095
2026-01-15 16:00:00,16,3,27.156061019671537,0.7914867606173847,158.51618535954222,441.93878211278565,5.860396109887981,8.5,0.5877413485933588
2026-01-15 17:00:00,17,3,26.146342516350447,0.9576516427959453,62.61553570480275,430.0973500784228,5.682435058154693,8.5,0.6460928356149487
2026-01-15 18:00:00,18,3,27.96081003884395,0.9882165867186846,5.726002555397782e-25,229.16108660277837,1.5955957334967064,13.0,0.6054580771535302
2026-01-15 19:00:00,19,3,30.169808200609044,0.8879453624164602,0.0,257.14854662433686,2.0843193673947407,13.0,0.6363738127954985
2026-01-15 20:00:00,20,3,31.978519796612094,0.8881281071238435,0.0,258.618121198643,2.1734607132311003,13.0,0.652919825216086
2026-01-15 21:00:00,21,3,34.0434454232896,0.8924411887138071,0.0,264.2280950003422,2.4281613017836152,13.0,0.6422384530095506
2026-01-15 22:00:00,22,3,28.450249391315843,0.7563985682312742,0.0,259.85751434234874,2.252674294274917,5.5,0.6472747880664163
2026-01-15 23:00:00,23,3,30.688484140900897,0.8422965583711577,0.0,265.64349556511576,2.141722595329269,5.5,0.5854521939977613
2026-01-16 00:00:00,0,4,27.865628720602473,0.841697296105717,0.0,276.7852869177544,2.514181292697472,5.5,0.653409791202239
2026-01-16 01:00:00,1,4,26.067223755393037,0.9060072637224194,0.0,289.3464685659926,2.965158750590323,5.5,0.5944192065609554
2026-01-16 02:00:00,2,4,25.64889167758923,0.9799789096292353,0.0,279.52031826858,2.5690266791866048,5.5,0.6277862529671462
2026-01-16 03:00:00,3,4,23.79877950000733,0.7329756701625909,0.0,280.7329210071741,2.4346105509700644,5.5,0.6277473856099168
2026-01-16 04:00:00,4,4,22.66559358841833,0.8449989163616507,0.0,292.15275374534684,3.032359963449191,5.5,0.6345536767660874
2026-01-16 05:00:00,5,4,20.851966349827258,1.0377746657190767,0.0,257.41240072822274,2.216487265545734,5.5,0.6301087002818058
2026-01-16 06:00:00,6,4,18.57270849137953,0.7707694125424923,0.0,301.08663229007624,3.0147313599202445,6.2,0.5946857006442583
2026-01-16 07:00:00,7,4,17.854933064771537,0.7613299979251615,49.85061115896839,291.97875164612276,2.8024332593142485,6.2,0.5795039776311285
2026-01-16 08:00:00,8,4,20.97986732492184,0.8842767430197432,177.3540715999992,463.7048645355227,6.382332483689628,6.2,0.6461704603988531
2026-01-16 09:00:00,9,4,19.75532073342609,0.9613262228582384,347.5355577749012,477.89981925449854,6.503798045067351,6.2,0.6255750373255674
2026-01-16 10:00:00,10,4,19.77573963159356,0.8613711266672791,439.5379079880307,422.34932045913155,5.56181205163423,8.5,0.48448130522873456
2026-01-16 11:00:00,11,4,21.477224534151993,1.0194752708524386,626.3038354800137,418.3532760190765,5.421285048953955,8.5,0.44865801197436395
2026-01-16 12:00:00,12,4,23.69239837937344,0.9628152779079832,627.403483819068,454.9284692158233,6.123037576865201,8.5,0.4078450691796912
2026-01-16 13:00:00,13,4,23.976450689026994,0.9610184080268074,590.3914809143079,515.989610931149,7.3343436991565385,8.5,0.4789838904301232
2026-01-16 14:00:00,14,4,24.015917595038548,0.9264939801588912,472.7686048383685,515.5631849774547,7.293766895877677,8.5,0.4388888817101668
2026-01-16 15:00:00,15,4,28.133534658986026,1.1,397.6684547476092,501.0751109290978,7.1260662306028815,8.5,0.46026010372263065
2026-01-16 16:00:00,16,4,29.86877825447245,0.8353805973360747,167.54726553956692,448.9679850795522,5.89282541838086,8.5,0.6005762171456144
2026-01-16 17:00:00,17,4,29.277368888917017,0.6195773249520183,40.56888391797356,452.29861177950414,5.883779722907062,8.5,0.6693290513070107
2026-01-16 18:00:00,18,4,30.790622285938326,1.0525105233820569,6.107294288244117e-25,271.2116812911275,2.4856776381117975,13.0,0.5937030552745041
2026-01-16 19:00:00,19,4,31.692569126666058,0.805076068285181,0.0,258.31620035438146,2.2294478398943443,13.0,0.6098771073768148
2026-01-16 20:00:00,20,4,31.69514897460677,0.8729456533211639,0.0,226.57120996617417,1.57944831457466,13.0,0.6232234610809195
2026-01-16 21:00:00,21,4,30.750777897114276,1.0171460821832632,0.0,280.73965002687004,2.655565837499205,13.0,0.5872345301873912
2026-01-16 22:00:00,22,4,30.22764758953452,0.667728855072929,0.0,291.9911159919167,2.8077682820045786,5.5,0.6299155858576279
2026-01-16 23:00:00,23,4,29.31502476595249,0.7098023343072632,0.0,285.2197657391738,2.7831435852220285,5.5,0.6683573143240247
2026-01-17 00:00:00,0,5,25.853993488179434,0.6678466475457375,0.0,131.5415399690617,0.0,5.5,0.6052861351791887
2026-01-17 01:00:00,1,5,27.345179960801982,0.7647036451969491,0.0,149.05582161940663,0.0,5.5,0.6318542845709517
2026-01-17 02:00:00,2,5,22.96627904331017,0.9127563927220392,0.0,152.89424410881833,0.026695750950826554,5.5,0.5375169384188433
2026-01-17 03:00:00,3,5,22.514005591799812,0.9229025411375325,0.0,161.51591179799996,0.43238220583758247,5.5,0.6188321239854547
2026-01-17 04:00:00,4,5,24.45534760171213,0.8931529015194264,0.0,138.72122133136483,0.0,5.5,0.6106087314222138
2026-01-17 05:00:00,5,5,22.724796338108558,0.690468093932916,0.0,145.97698767989786,0.0,5.5,0.5954450719276885
2026-01-17 06:00:00,6,5,22.9009704156066,0.5827875876040827,0.0,155.89799330632022,0.0,6.2,0.6524435140888559
2026-01-17 07:00:00,7,5,19.76285929302372,0.8665224302468458,56.820113853583145,148.7872477741226,0.0,6.2,0.6102126895512852
2026-01-17 08:00:00,8,5,18.271626738084848,0.8033868759633997,161.36243497994107,231.20816632091402,1.5808005779028615,6.2,0.6146756753871924
2026-01-17 09:00:00,9,5,19.809715072949146,0.9151262926059934,331.30976433125903,245.06333216655338,1.6927638136630798,6.2,0.6086842137563279
2026-01-17 10:00:00,10,5,20.82291992693867,0.9442344351465524,482.51476469457447,244.97875017477014,1.9384787625387792,8.5,0.3924955238470477
2026-01-17 11:00:00,11,5,21.582949168577276,0.8765889718470418,539.2983902274642,238.13108979577274,1.724617989696235,8.5,0.41604040679769116
2026-01-17 12:00:00,12,5,24.200520718135053,0.9512159702451024,620.737284123604,237.29889077908146,1.5360571813255048,8.5,0.4788328045836065
2026-01-17 13:00:00,13,5,23.16399913698223,0.8875053648938082,546.014414939487,268.92855445121546,2.4625278981017344,8.5,0.3867014805936009
2026-01-17 14:00:00,14,5,25.528051707704385,0.923607764672176,471.9742964804159,284.13496146358904,2.826199847070674,8.5,0.42701053951152884
2026-01-17 15:00:00,15,5,24.811154501360694,0.7754392084556141,280.7378429430179,258.8745164364555,2.3265027629587673,8.5,0.4380083983113071
2026-01-17 16:00:00,16,5,28.175475917065718,0.8384466303402249,168.40428182273274,222.16581486741697,1.4792119414134866,8.5,0.672308656018747
2026-01-17 17:00:00,17,5,28.540196731211193,0.8836131315988348,57.940795284046594,227.2648685170377,1.5499031841984658,8.5,0.643058112964891
2026-01-17 18:00:00,18,5,28.205407011495414,0.9584634170500902,5.569583094736617e-25,140.70164487423887,0.0,13.0,0.603284884188407
2026-01-17 19:00:00,19,5,29.475885088183063,0.8127510593330514,0.0,117.45711754917929,0.0,13.0,0.6591354109134665
2026-01-17 20:00:00,20,5,29.723736380227166,0.9225400706878535,0.0,120.13335259610055,0.0,13.0,0.5977845253849664
2026-01-17 21:00:00,21,5,29.424396437439697,0.8280993449701545,0.0,114.24285682863727,0.0,13.0,0.6502729941120201
2026-01-17 22:00:00,22,5,31.98713888232372,0.8458949399206244,0.0,136.4486827300074,0.0,5.5,0.5792336826223096
2026-01-17 23:00:00,23,5,28.38786490247092,0.9595422850428887,0.0,127.04351528755942,0.0,5.5,0.6521977349536747
2026-01-18 00:00:00,0,6,27.134155834733992,0.6208327554735013,0.0,136.44295391082264,0.0,5.5,0.6078159906358704
2026-01-18 01:00:00,1,6,23.14791878909739,0.7044233206310286,0.0,148.93290120202371,0.025594090002551705,5.5,0.5891448727717619
2026-01-18 02:00:00,2,6,23.658688972030784,0.6821377523068615,0.0,138.02372706424984,0.0,5.5,0.6134856916077106
2026-01-18 03:00:00,3,6,23.311294637802863,0.5799660656182034,0.0,148.3733229699483,0.03146007597904524,5.5,0.6283203253916064
2026-01-18 04:00:00,4,6,21.471220985735037,0.7786082671813788,0.0,144.43126429447958,0.03596659403376716,5.5,0.6051575470842286
2026-01-18 05:00:00,5,6,23.537027484133958,0.9499320679673289,0.0,154.87281978633956,0.11574786873966175,5.5,0.6366186051798597
2026-01-18 06:00:00,6,6,20.422466317983478,0.825813912034091,0.0,153.2037678667453,0.05675352493652376,6.2,0.602510183490078
2026-01-18 07:00:00,7,6,22.10303724253204,0.8837348098330222,58.03240218143357,141.36874447475617,0.0,6.2,0.6386111718179407
2026-01-18 08:00:00,8,6,20.09255695107555,0.9907060996052951,199.27317405084443,240.60005722255715,1.7304184796526998,6.2,0.633266661861098
2026-01-18 09:00:00,9,6,20.226212623187024,1.019322335872123,369.5651738932793,251.29169058222192,1.9294562929209995,6.2,0.6181723083587619
2026-01-18 10:00:00,10,6,20.536678309509057,0.8517034478328632,435.8584532676708,243.14443101551558,1.9895190760272483,8.5,0.43675853062902154
2026-01-18 11:00:00,11,6,21.47016047149945,1.0224303067483276,629.9312174706034,223.43033275035964,1.6058408892938445,8.5,0.454546223872958
2026-01-18 12:00:00,12,6,25.07819250457479,0.871055199012093,569.246896249767,241.6156188055967,1.733201744553199,8.5,0.466507612291011
2026-01-18 13:00:00,13,6,20.226488684360568,0.7595122131407045,467.9443185023711,260.75209771578545,2.311841834771095,8.5,0.5118539745819483
2026-01-18 14:00:00,14,6,21.99768138334198,0.7886719577361517,403.60214639159443,283.48387939261397,2.6609815902916774,8.5,0.47818261265394546
2026-01-18 15:00:00,15,6,25.479338978928432,0.682335618492198,247.38737946509846,277.92994756963714,2.5925798088417857,8.5,0.47927969849447527
2026-01-18 16:00:00,16,6,27.521791822906355,0.7534239375519617,151.5456294270121,230.85015663037055,1.6630249965509174,8.5,0.7126553658458085
2026-01-18 17:00:00,17,6,29.570690543078758,0.8170379974310685,53.652608380778545,228.71271708313353,1.6736893884751023,8.5,0.6354787543030354
2026-01-18 18:00:00,18,6,30.039757815963405,0.9564302023254322,5.565788817963594e-25,129.93058066532856,0.0,13.0,0.6345393053393511
2026-01-18 19:00:00,19,6,29.253260262124485,1.066492379739918,0.0,138.99849905197547,0.0,13.0,0.6411204522296496
2026-01-18 20:00:00,20,6,31.528565539862644,0.6941382181547552,0.0,129.43458654110398,0.0,13.0,0.5897310206723524
2026-01-18 21:00:00,21,6,31.374922236174438,0.9071392961911903,0.0,136.74851077454593,0.0,13.0,0.6066829509074373
2026-01-18 22:00:00,22,6,29.606213765829544,0.7351347273010959,0.0,144.75715022854257,0.0,5.5,0.6048149219992299
2026-01-18 23:00:00,23,6,29.979520264662998,0.9169636506155843,0.0,132.55285809700086,0.0,5.5,0.6394284193165869
2026-01-19 00:00:00,0,0,27.908967895148194,0.8442696019174728,0.0,266.4085306801675,2.375153105923846,5.5,0.614774763133364
2026-01-19 01:00:00,1,0,25.451870685338278,0.6402913008982963,0.0,259.88370702349755,2.268973883004461,5.5,0.6241467027642291
2026-01-19 02:00:00,2,0,26.046725258500008,0.9713956389882181,0.0,265.8394905697289,2.1559712302734244,5.5,0.6526236386044539
2026-01-19 03:00:00,3,0,23.87182445835541,0.7873999144629522,0.0,255.19548611185115,2.0216395199291126,5.5,0.6458945221611242
2026-01-19 04:00:00,4,0,22.502009770131732,0.7959319713951735,0.0,303.62729925904614,3.196334353972796,5.5,0.6151483699087625
2026-01-19 05:00:00,5,0,23.673896452351624,0.7316297106452372,0.0,324.5493491518259,3.519676094865778,5.5,0.5999001470936534
2026-01-19 06:00:00,6,0,16.993564788267676,0.7814860067974934,0.0,318.1559209824655,3.171740446166417,6.2,0.6540582419495956
2026-01-19 07:00:00,7,0,18.043844613315304,0.91134685288339,59.93216085479602,262.71936659905873,2.3582163248795562,6.2,0.643216735427296
2026-01-19 08:00:00,8,0,18.219394360438443,0.8372906790876313,168.6583744621388,476.0377651447782,6.466377022460291,6.2,0.5718122954511385
2026-01-19 09:00:00,9,0,19.62547989720145,0.8994394402738977,326.572098831615,486.2045160164222,6.865222018916115,6.2,0.6106053818327516
2026-01-19 10:00:00,10,0,20.287960726428764,0.9034306224714612,462.9984396654998,449.27742034670405,5.976764839073711,8.5,0.4549654638605029
2026-01-19 11:00:00,11,0,19.20347762240769,1.01847939866338,628.4045455055693,455.70833942823873,6.134637457166828,8.5,0.4733648915136309
2026-01-19 12:00:00,12,0,21.02226295153376,0.8188656618962745,535.9142513578512,413.85792508551594,5.395053959569483,8.5,0.47730304484819314
2026-01-19 13:00:00,13,0,22.41464225670204,0.6827770619785122,421.27529518743313,520.9189653470418,7.328630009855369,8.5,0.4585171800352642
2026-01-19 14:00:00,14,0,28.686136138113838,0.9880666899886379,506.3735104514302,493.3559248701751,6.767833816620108,8.5,0.4675574259407657
2026-01-19 15:00:00,15,0,28.996708147133322,0.8202214193483295,297.8093003589669,512.9868286046091,7.24008673005237,8.5,0.45192410407134465
2026-01-19 16:00:00,16,0,26.882375873473027,0.9937510933492852,200.17474003997845,408.90796634383355,5.260876606838793,8.5,0.5997844493545832
2026-01-19 17:00:00,17,0,27.99015897047254,0.9060052535818964,59.58088561030922,445.2825606462607,5.772563487663865,8.5,0.6121620682687624
2026-01-19 18:00:00,18,0,27.60632102313975,0.8442634963755986,4.9201586438396505e-25,280.9412281576804,2.4520211031646992,13.0,0.6205697355992033
2026-01-19 19:00:00,19,0,26.96743351160744,0.9018531072855553,0.0,248.91387509479097,2.0606495946001986,13.0,0.6189596224994423
2026-01-19 20:00:00,20,0,29.824679720387213,1.094121507215156,0.0,244.0450124778456,1.8206024183002116,13.0,0.5634328128666959
2026-01-19 21:00:00,21,0,28.332851156579302,1.1,0.0,228.0849835163021,1.5224770690340135,13.0,0.6080754999521171
2026-01-19 22:00:00,22,0,29.20285122142918,0.8683257362159335,0.0,265.2045563866468,2.118410087538919,5.5,0.6216861695926745
2026-01-19 23:00:00,23,0,26.135225132367523,0.879222871198049,0.0,263.1490235063933,2.1950825386926676,5.5,0.611558900242829
2026-01-20 00:00:00,0,1,26.357038312534613,0.9891488188959663,0.0,249.58165057773502,1.9908762818915853,5.5,0.6125952861346524
2026-01-20 01:00:00,1,1,26.51703586846685,0.7585206760679183,0.0,289.5366232901569,2.8837702515654273,5.5,0.6346397411241376
2026-01-20 02:00:00,2,1,25.549314396675907,0.8999684447141906,0.0,276.9005331264363,2.460887645905262,5.5,0.587631284388541
2026-01-20 03:00:00,3,1,24.332112712600416,0.8568964582455372,0.0,268.743354462184,2.54060470126693,5.5,0.5711587335814636
2026-01-20 04:00:00,4,1,20.519266523764443,0.8976689853749065,0.0,280.50807775523856,2.541705952686791,5.5,0.6095549062748997
2026-01-20 05:00:00,5,1,22.746494689270605,0.7599957432860713,0.0,311.2723690950691,3.1571382017428644,5.5,0.6429234321650537
2026-01-20 06:00:00,6,1,19.46955543617503,0.6692519008029237,0.0,303.352864987594,3.22079305494166,6.2,0.6706265911845991
2026-01-20 07:00:00,7,1,21.11965774046562,0.611241987681045,40.25485194990107,289.6484182873632,2.8141143809836557,6.2,0.6434638471728422
2026-01-20 08:00:00,8,1,19.98404198507271,0.7259139064412471,146.43523419971612,474.1342713891339,6.427482954881521,6.2,0.5759520872039345
2026-01-20 09:00:00,9,1,18.105789619937738,0.80495896580728,292.69122892367545,439.7101865028369,5.778690416938679,6.2,0.6130289828186969
2026-01-20 10:00:00,10,1,20.195576424206028,0.8248170096021485,423.3222978047255,458.08266181308653,6.296960594015936,8.5,0.4576990314324459
2026-01-20 11:00:00,11,1,22.012511707162915,1.092467739491542,675.0322257334369,456.5340876252943,6.2773020344684545,8.5,0.4553277335077078
2026-01-20 12:00:00,12,1,23.419448070711898,0.9927192043888757,650.6356952652924,441.5429428470229,5.749179539013433,8.5,0.46617913658828625
2026-01-20 13:00:00,13,1,23.49442292832077,0.7445490660390047,460.05442087468816,523.9559643706957,7.474875906406003,8.5,0.42248853160617716
2026-01-20 14:00:00,14,1,27.29766833590158,0.9017250142941148,462.79392955669874,498.45219781639986,6.978059639094755,8.5,0.4519482926265223
2026-01-20 15:00:00,15,1,27.80536138199244,0.811150611637961,294.94257402848433,518.570171022172,7.272779409391779,8.5,0.46260968489328386
2026-01-20 16:00:00,16,1,27.11501882540037,0.8258763394351886,166.60019061776208,446.94307683079666,5.933293031350933,8.5,0.6447701285991098
2026-01-20 17:00:00,17,1,29.660716624138153,0.8822390779298458,58.102035171404445,383.0022347531168,4.660576981107506,8.5,0.5958284550016162
2026-01-20 18:00:00,18,1,32.23081724670447,0.9343005340370472,5.452761563807365e-25,283.9255026631821,2.7925310011573155,13.0,0.609645293982713
2026-01-20 19:00:00,19,1,32.77035603261988,0.8192889819339182,0.0,208.15372642931442,1.2838170314174087,13.0,0.5388854695977998
2026-01-20 20:00:00,20,1,28.158000178766255,0.987662183928123,0.0,253.42073648322315,2.035493789828562,13.0,0.6013561409726668
2026-01-20 21:00:00,21,1,28.439829464709614,0.7229674128629116,0.0,285.34966289884136,2.685597943590746,13.0,0.6042675532108687
2026-01-20 22:00:00,22,1,31.55750519902297,0.8607606874834722,0.0,264.28883894545606,2.352206009114685,5.5,0.5894124647549767
2026-01-20 23:00:00,23,1,26.94811232967628,1.1,0.0,247.22636663901042,1.8860084878875072,5.5,0.6249683645069796
2026-01-21 00:00:00,0,2,25.51618830006248,0.886769569115033,0.0,257.81273288909995,2.215118672955739,5.5,0.618321637038642
2026-01-21 01:00:00,1,2,25.56480402946403,1.0319857407927406,0.0,299.866589110309,2.988541133469259,5.5,0.5522235836726717
2026-01-21 02:00:00,2,2,25.63034006421188,0.870982421380785,0.0,250.41291845012452,1.9113185112286284,5.5,0.6264652390790527
2026-01-21 03:00:00,3,2,23.55230971457075,0.9296932514395756,0.0,308.4284415351145,3.072885159414325,5.5,0.5921502760763292
2026-01-21 04:00:00,4,2,21.524154569391612,0.853186016672877,0.0,289.4985432740054,2.934676735083218,5.5,0.6345706687757154
2026-01-21 05:00:00,5,2,20.4531474014805,0.8395510902602955,0.0,270.52577144637223,2.394873281013115,5.5,0.5815444625681401
2026-01-21 06:00:00,6,2,19.601367384458744,0.7664621123929496,0.0,282.00392869855153,2.8041139833608617,6.2,0.6209001961559282
2026-01-21 07:00:00,7,2,18.851106425566247,0.9116361630749064,60.125179607067714,273.6788492545065,2.4222133590186385,6.2,0.6115051001334049
2026-01-21 08:00:00,8,2,23.422449315914093,0.7578155372977078,153.09244629846097,478.5824346722201,6.600769213557551,6.2,0.6290930565485099
2026-01-21 09:00:00,9,2,20.616637475332993,0.9398702283576115,342.24226922773494,473.7903022935293,6.71507371817241,6.2,0.6237409183295404
2026-01-21 10:00:00,10,2,22.000011562684918,0.9902344405335092,508.9573038616607,426.5550995902312,5.425363317338296,8.5,0.44234507474935636
2026-01-21 11:00:00,11,2,20.730849891888877,0.9039837688684675,559.3791899322079,446.6176275431898,5.7425711008738185,8.5,0.4039118305786727
2026-01-21 12:00:00,12,2,22.221064984220927,0.8256501519733169,541.9226653932476,434.462658077803,5.817912174684784,8.5,0.40568376109616905
2026-01-21 13:00:00,13,2,22.635573802431864,0.9144758695170435,565.8716325662542,539.4008937557309,7.705336964575309,8.5,0.43248339182723344
2026-01-21 14:00:00,14,2,21.022437497621198,0.8229592333344304,422.9817661767919,488.1982158737244,6.761893681063865,8.5,0.4497516034821124
2026-01-21 15:00:00,15,2,24.227081310240802,0.9722656550558179,354.0386683595271,538.269522166532,7.706798622285483,8.5,0.43175256158402653
2026-01-21 16:00:00,16,2,24.78407198002941,0.6402312698941852,129.33829735713903,436.41031363192855,5.755022550734102,8.5,0.6387563579173839
2026-01-21 17:00:00,17,2,25.16085823900533,0.8197271158257624,54.06349820696829,414.5962932908224,5.196872245097874,8.5,0.6116233724236495
2026-01-21 18:00:00,18,2,27.537088557475037,0.6211025605851203,3.630137019464205e-25,250.309064687833,1.9881872849683295,13.0,0.5910496182566147
2026-01-21 19:00:00,19,2,31.817062650517787,0.6805927003727354,0.0,248.58197347183187,2.016621002092291,13.0,0.6116571112103627
2026-01-21 20:00:00,20,2,29.933345748443468,1.023663467577669,0.0,241.56648770695432,1.7304988655116602,13.0,0.6267757950894965
2026-01-21 21:00:00,21,2,31.765474774927103,0.9674221978366023,0.0,268.6002817573485,2.3019972321823814,13.0,0.6297465415647375
2026-01-21 22:00:00,22,2,29.946600884273508,0.7736623720058251,0.0,247.8975200875468,1.923212118391083,5.5,0.6763513739597938
2026-01-21 23:00:00,23,2,29.709372144505476,0.6796995852750923,0.0,234.37112256617476,1.5445409079008674,5.5,0.5999327197998974
2026-01-22 00:00:00,0,3,26.148654507043137,0.5042565394590018,0.0,270.6658235247329,2.3710603722147834,5.5,0.6177956401522879
2026-01-22 01:00:00,1,3,27.08002165680161,0.7947805390480839,0.0,248.93087414101595,1.990497136810609,5.5,0.6327837184045828
2026-01-22 02:00:00,2,3,26.09307135111152,1.1,0.0,271.4611043747846,2.3892671933368494,5.5,0.6192973112239756
2026-01-22 03:00:00,3,3,22.840933836136855,0.9121861125756376,0.0,271.7427497229378,2.4077173451655836,5.5,0.6049814556203404
2026-01-22 04:00:00,4,3,23.33931055592425,0.7928513256740612,0.0,274.80849176030193,2.4941796681153803,5.5,0.5735222847096727
2026-01-22 05:00:00,5,3,22.31374773192951,0.9158096251400367,0.0,328.0062232229588,3.494550118215945,5.5,0.6046749632284095
2026-01-22 06:00:00,6,3,19.84554404938268,0.6726849976406668,0.0,293.5154082090523,2.9394144207677333,6.2,0.587788927618466
2026-01-22 07:00:00,7,3,18.486218220148167,0.8243211964762838,54.44548578416754,296.405565556252,3.0717091236052174,6.2,0.5682017995662867
2026-01-22 08:00:00,8,3,18.223807502152592,0.8719372967618886,176.40304601008978,431.0152117226053,5.5738661952325605,6.2,0.5961296347498825
2026-01-22 09:00:00,9,3,20.30012918143685,0.8496679217814742,309.84575014942254,448.8352653123336,6.025225129394443,6.2,0.5885872483770064
2026-01-22 10:00:00,10,3,21.160387784261783,0.9548967346028097,491.5076705184434,461.3754473389472,6.203547231235479,8.5,0.4675135963587885
2026-01-22 11:00:00,11,3,20.27567734838039,0.9013574271483262,558.5644381033613,435.4407652441037,5.745364039385925,8.5,0.4680327551224288
2026-01-22 12:00:00,12,3,22.53987801198915,0.9401991221729596,618.0045309071212,466.34513118332376,6.483480576786801,8.5,0.4228836213125738
2026-01-22 13:00:00,13,3,24.561710328695124,0.7773953261323089,481.7460537259398,494.46917577724366,6.940249469846683,8.5,0.44219314108310637
2026-01-22 14:00:00,14,3,25.92728607199795,0.9677378490092657,498.11729227131644,507.34540955442685,6.969566737207569,8.5,0.39425272013662394
2026-01-22 15:00:00,15,3,28.621915405696335,1.0554724337148789,384.8958394248206,498.8444687626418,7.022288938397532,8.5,0.43516980149451917
2026-01-22 16:00:00,16,3,29.415471248297067,0.7435820576418305,150.43528980076354,439.9673908121079,5.922634190573059,8.5,0.6319694570210703
2026-01-22 17:00:00,17,3,27.033596756797923,0.7534765213142528,49.766274851697936,423.98229131226634,5.457486209245516,8.5,0.6447481366884231
2026-01-22 18:00:00,18,3,31.855506333229226,1.020294120358428,5.971942941634988e-25,257.62391471272315,2.252041774866246,13.0,0.5986085875492606
2026-01-22 19:00:00,19,3,29.03316437461177,0.8370387215965928,0.0,258.76077095366026,2.1062038649580104,13.0,0.6515556458158256
2026-01-22 20:00:00,20,3,31.56730921868164,1.0284585670479869,0.0,251.29063931019,1.8772588702515722,13.0,0.5745292423545958
2026-01-22 21:00:00,21,3,29.931609070521972,0.806895714572938,0.0,275.6250879151498,2.5266186601862595,13.0,0.5825711660256863
2026-01-22 22:00:00,22,3,28.711902951236745,1.0346054691524853,0.0,274.29099074707364,2.310172142866841,5.5,0.6412898559691362
2026-01-22 23:00:00,23,3,25.823988616270338,0.8757782980166543,0.0,272.0226633089052,2.4164761648887447,5.5,0.6701336368568974
2026-01-23 00:00:00,0,4,27.242653234675476,0.8909874587987234,0.0,269.7517499976847,2.523719226218245,5.5,0.6348029596455108
2026-01-23 01:00:00,1,4,23.955020372554188,1.0477661626003885,0.0,295.7200782258978,2.723425273943328,5.5,0.6187897284039796
2026-01-23 02:00:00,2,4,26.45094885376416,0.8165875427066994,0.0,280.75498361134476,2.4871499926355054,5.5,0.5541444876043338
2026-01-23 03:00:00,3,4,25.981093760196266,0.747065348489005,0.0,282.58605053693134,2.548517786222469,5.5,0.5593265883186956
2026-01-23 04:00:00,4,4,21.304633516054963,0.8061722950365975,0.0,292.37480159475285,2.8411640459239607,5.5,0.623882286106876
2026-01-23 05:00:00,5,4,21.91742220784617,0.9142800740771766,0.0,322.52744768781133,3.413977275191606,5.5,0.6092581199128647
2026-01-23 06:00:00,6,4,19.581785698065843,0.6721089113383383,0.0,268.3735882556183,2.5073854032819747,6.2,0.5868249445354364
2026-01-23 07:00:00,7,4,19.227643773349474,0.9364965083181346,61.944496680622436,305.8463114693324,3.212361062295818,6.2,0.6219659774249016
2026-01-23 08:00:00,8,4,21.161742055798058,0.7953474418858708,161.14204469771025,428.9133001544807,5.627793297696473,6.2,0.6234539410252343
2026-01-23 09:00:00,9,4,20.11256347578954,0.9977375192880276,364.37098081425745,464.5175185659134,6.304913402752656,6.2,0.6483324760562081
2026-01-23 10:00:00,10,4,23.279345043974327,0.5726887634119434,295.2050006400285,485.85149089695716,6.756352795637626,8.5,0.45409806849038103
2026-01-23 11:00:00,11,4,20.74111737601288,0.7656121069874997,475.13408781884505,462.67831911694935,6.16736814680765,8.5,0.48685183105003155
2026-01-23 12:00:00,12,4,23.999004498711734,0.6576238218519077,432.89294779289133,453.07125141371625,6.147146063629986,8.5,0.4502398208864644
2026-01-23 13:00:00,13,4,23.85202489392407,0.7608524640363257,472.1802831554786,506.02962388500686,7.009388052264217,8.5,0.4465399501557799
2026-01-23 14:00:00,14,4,26.19366701461635,0.8897199081330731,458.6256669068643,513.0588496087939,7.344714691566102,8.5,0.4819293655874155
2026-01-23 15:00:00,15,4,25.623358739517684,0.8384928049460294,306.21525184489343,504.8562676049414,7.215739602310712,8.5,0.42064677359875696
2026-01-23 16:00:00,16,4,27.425661743672627,0.8295946917262382,168.0807378699227,422.86204000046905,5.478327260218189,8.5,0.7044334235979848
2026-01-23 17:00:00,17,4,28.362285586984335,0.8408978154343927,55.621127761026834,430.29335152711633,5.5882457246461295,8.5,0.631257724345002
2026-01-23 18:00:00,18,4,28.07604134665351,0.8844065888743932,5.184100251385107e-25,266.0708608912759,2.3614482086564856,13.0,0.6314248775851302
2026-01-23 19:00:00,19,4,30.82275143331797,0.738975674966827,0.0,249.20120537211247,1.697872270432182,13.0,0.6357528792191779
2026-01-23 20:00:00,20,4,30.975373508367547,0.9448219569078861,0.0,249.9965461709091,2.0301567452667286,13.0,0.6763140942599493
2026-01-23 21:00:00,21,4,30.71996117380369,0.9395199164462581,0.0,242.40901640554262,1.8368449283268717,13.0,0.6437752223501781
2026-01-23 22:00:00,22,4,31.635575499798662,0.9062045525187321,0.0,277.03305046960014,2.5355981980863036,5.5,0.5718483206298823
2026-01-23 23:00:00,23,4,30.709551107787192,0.9267840131301516,0.0,283.43353303886926,2.739323912067168,5.5,0.6621041115430251
2026-01-24 00:00:00,0,5,26.937582965226298,0.8955701600970392,0.0,142.54343839794154,0.0,5.5,0.6097731026166495
2026-01-24 01:00:00,1,5,26.85367370316387,1.1,0.0,151.9404450001096,0.0,5.5,0.6232146521851797
2026-01-24 02:00:00,2,5,24.06459896611268,0.8495486994736988,0.0,145.24488960709922,0.0,5.5,0.581622380834742
2026-01-24 03:00:00,3,5,23.740937748659228,0.8231500137998508,0.0,149.96453922471,0.006046332902282345,5.5,0.6357860605437169
2026-01-24 04:00:00,4,5,21.600375826321702,0.7695766903571146,0.0,150.40270009503348,0.019547393058770894,5.5,0.6004587712979734
2026-01-24 05:00:00,5,5,23.89457155777134,0.7361284795306595,0.0,147.31264187464458,0.0,5.5,0.6230050891398042
2026-01-24 06:00:00,6,5,21.21542020659225,0.710663385487871,0.0,143.2448639015165,0.0,6.2,0.6114770298391765
2026-01-24 07:00:00,7,5,19.843327176398027,0.7533443224122898,49.90242379314717,170.13899896322474,0.29417652396107996,6.2,0.6777503840520755
2026-01-24 08:00:00,8,5,21.790427857784564,0.8515183542017515,172.7736663965854,237.7953948806719,1.7734779432299228,6.2,0.6794678090043677
2026-01-24 09:00:00,9,5,16.91444775386154,0.9001154154197257,329.1980331473939,234.3664416046967,1.8163218019557579,6.2,0.6213953951064423
2026-01-24 10:00:00,10,5,17.648719088779874,0.8661370470262594,447.1190948393354,243.5466972521561,1.6974727953494024,8.5,0.45191933134106566
2026-01-24 11:00:00,11,5,22.65822407689692,0.7681357667084344,477.3939808745587,239.75361583351636,1.8130369847483327,8.5,0.43879671100951456
2026-01-24 12:00:00,12,5,22.590702672176054,0.9680221476823956,638.1456635195981,221.2175636786578,1.3658134233758514,8.5,0.4831801887450836
2026-01-24 13:00:00,13,5,24.081574224878537,0.9487295206761137,589.6324351482756,282.6042575980852,2.615014113514394,8.5,0.4401324038899987
2026-01-24 14:00:00,14,5,23.010405845022177,0.840842203109358,434.06133711489963,268.5674737040268,2.2808687237590934,8.5,0.437359881760629
2026-01-24 15:00:00,15,5,26.259244659237055,0.7816500626402345,285.8718546784522,256.79315121257537,2.118907952681463,8.5,0.47935778590994893
2026-01-24 16:00:00,16,5,30.505264115602014,0.925811350499576,187.84776702474622,239.74925315088177,1.9791106244603258,8.5,0.6038510271405005
2026-01-24 17:00:00,17,5,29.771833335626532,0.8825568304983326,58.461613988193704,233.35030009191715,1.5405629657206217,8.5,0.618867348966544
2026-01-24 18:00:00,18,5,29.584686836636408,0.6862247288701943,4.028277130832807e-25,119.48103427971566,0.0,13.0,0.5725606765546702
2026-01-24 19:00:00,19,5,29.171048266287933,0.8518423692818714,0.0,149.87522205166667,0.0,13.0,0.641125710353695
2026-01-24 20:00:00,20,5,29.40814072219591,0.8914442974489257,0.0,139.6273843656037,0.0,13.0,0.6782260081754561
2026-01-24 21:00:00,21,5,26.635832297645315,0.7520366256214696,0.0,134.31542751052302,0.0,13.0,0.6416367611839937
2026-01-24 22:00:00,22,5,29.716587650303936,0.8827812071404931,0.0,151.86816617565563,0.034799417478345196,5.5,0.6638539750264192
2026-01-24 23:00:00,23,5,29.803758568655518,0.6854213017690653,0.0,139.69179093781764,0.0,5.5,0.5946169359146801
2026-01-25 00:00:00,0,6,25.13657100924408,1.0203423320014604,0.0,139.97197755647008,0.0,5.5,0.627089728460846
2026-01-25 01:00:00,1,6,25.30196988705238,1.0097539982071317,0.0,135.8482859734781,0.0,5.5,0.5917052022689183
2026-01-25 02:00:00,2,6,23.263803051649866,0.8296979198836443,0.0,150.1353193491401,0.2485307475564581,5.5,0.6131670336325598
2026-01-25 03:00:00,3,6,22.25787798227425,0.9036145205406888,0.0,150.80200032129642,0.1552470985233539,5.5,0.6431663443205752
2026-01-25 04:00:00,4,6,22.580222440232852,0.5708093641040151,0.0,147.54004296612976,0.0,5.5,0.623054618393099
2026-01-25 05:00:00,5,6,18.33786286158455,0.7212382807681601,0.0,140.39802316359555,0.0,5.5,0.5776207693219634
2026-01-25 06:00:00,6,6,21.591278638613403,0.8247465295817444,0.0,149.78630555624414,0.0,6.2,0.5805491268338674
2026-01-25 07:00:00,7,6,21.301153473455184,0.7313440374287768,48.515622531777865,147.52788008783963,0.0,6.2,0.5785650820552768
2026-01-25 08:00:00,8,6,19.62334611794463,0.9457275779156791,192.1681248293675,229.06831382575305,1.6833173682815241,6.2,0.6347435776981877
2026-01-25 09:00:00,9,6,16.44930810357785,1.0996755836897592,402.7683887106038,226.38768866667957,1.6437630579979463,6.2,0.6819168360697
2026-01-25 10:00:00,10,6,19.175245042074224,0.7188062336684837,371.6038459590456,244.84501845021674,2.001505594109125,8.5,0.4908737473200064
2026-01-25 11:00:00,11,6,23.313818995221308,0.7595043915097769,472.71676354405923,211.5015628030841,1.183044731139725,8.5,0.3931204440256181
2026-01-25 12:00:00,12,6,18.33300857890714,0.8882538041971916,586.4127004588198,237.1585642169165,1.726493710938131,8.5,0.49263227814209354
2026-01-25 13:00:00,13,6,23.184619656197118,1.0533339378199544,655.596749121573,266.75672060614136,2.4101109674886394,8.5,0.4780920125104394
2026-01-25 14:00:00,14,6,23.22999883229911,0.7133150824952116,368.765065771628,282.45164140811113,2.688182431897033,8.5,0.4036410016341373
2026-01-25 15:00:00,15,6,27.500950677889858,0.889884334676833,325.93001511772457,262.90603378458763,2.218756928562048,8.5,0.4409039514986851
2026-01-25 16:00:00,16,6,26.487329071784806,1.078555862097573,219.15830983781692,234.50918413987216,1.5282765007856267,8.5,0.6528656723448742
2026-01-25 17:00:00,17,6,29.141464937036154,0.661788902218488,43.90150043286389,223.22666490486108,1.475920817511423,8.5,0.6365130053280436
2026-01-25 18:00:00,18,6,30.17831764767583,0.7062716951785002,4.151992315518057e-25,133.12610671951285,0.0,13.0,0.5807271484283605
2026-01-25 19:00:00,19,6,32.58396789104037,0.8091672072246994,0.0,139.5757935892237,0.0,13.0,0.6383222646738859
2026-01-25 20:00:00,20,6,29.695587084486945,0.7975293904573507,0.0,128.52598882716507,0.0,13.0,0.5558749821175824
2026-01-25 21:00:00,21,6,30.39369568587926,0.9575121545304374,0.0,144.2822624117452,0.0,13.0,0.6133153347272836
2026-01-25 22:00:00,22,6,27.10254380023104,0.8889991663785005,0.0,126.28739101664583,0.0,5.5,0.6541387030820015
2026-01-25 23:00:00,23,6,30.321154250873352,0.6470045528429447,0.0,141.03121201923216,0.0,5.5,0.6205518264671396
2026-01-26 00:00:00,0,0,26.359236727892952,0.9218492483480973,0.0,294.1075150101814,2.8127037760110922,5.5,0.6050318735011416
2026-01-26 01:00:00,1,0,25.452963979380986,0.7906953335173219,0.0,293.26296052876387,2.7035632705587824,5.5,0.6466803876131705
2026-01-26 02:00:00,2,0,24.966628307726182,1.0129336660329487,0.0,319.4960077812374,3.33656820305646,5.5,0.6492425544525975
2026-01-26 03:00:00,3,0,21.36157825647762,0.7846894956275696,0.0,274.3646940062063,2.576206611876827,5.5,0.6593011907860085
2026-01-26 04:00:00,4,0,22.843155043393406,0.7836061660277317,0.0,265.665694532492,2.259113500297243,5.5,0.6462302728533916
2026-01-26 05:00:00,5,0,22.91566550345478,0.9249357932965437,0.0,274.09085544142386,2.412412776442713,5.5,0.6524412438181144
2026-01-26 06:00:00,6,0,21.10927371632374,0.9515511778804324,0.0,304.3879661978719,2.905624289764974,6.2,0.6419872567231261
2026-01-26 07:00:00,7,0,17.787024522286572,0.9137719236723444,60.7057005962461,300.95150021118485,3.1942947596787907,6.2,0.6279658594734941
2026-01-26 08:00:00,8,0,19.81428605850551,0.657728321913823,133.84237182890823,464.8310009304201,6.379191382750933,6.2,0.6226852699929144
2026-01-26 09:00:00,9,0,21.283414223023897,0.9245641327913902,339.1248533706909,440.39337483386987,5.884857094804874,6.2,0.612882208427078
2026-01-26 10:00:00,10,0,17.852889832128948,0.735883033799072,380.98593043790817,471.3036112799231,6.5228447642764085,8.5,0.41362895120820825
2026-01-26 11:00:00,11,0,19.852317073340693,0.8882331333905916,553.6425572449302,431.8375996788281,5.694422829730902,8.5,0.4213406547354058
2026-01-26 12:00:00,12,0,23.81481540612228,0.6891518677521128,455.6307340827,470.8610924827842,6.392788964137731,8.5,0.44153956554194373
2026-01-26 13:00:00,13,0,24.11104792578333,0.9135586577051676,569.4281517223261,567.5516059399798,8.334655708387375,8.5,0.4572435647880729
2026-01-26 14:00:00,14,0,25.61795737319013,0.7632081314831153,395.132849564059,519.0961206382879,7.339165976306544,8.5,0.4932243779401279
2026-01-26 15:00:00,15,0,29.08333743694757,0.7060838419687374,258.98752815786503,519.8893447240412,7.661260969922323,8.5,0.44874608316373465
2026-01-26 16:00:00,16,0,28.202829167759305,0.945658416377888,192.43380765435424,428.13814310311335,5.618354065192212,8.5,0.65010428872633
2026-01-26 17:00:00,17,0,29.522365921582505,0.8889973426012101,59.05982128879555,402.9272728261013,5.0121654123868815,8.5,0.6523794696929636
2026-01-26 18:00:00,18,0,33.39624530974968,0.7863227838328524,4.6293219081172245e-25,251.651051465456,2.0795707067257476,13.0,0.6130565960693363
2026-01-26 19:00:00,19,0,29.508922294309606,1.0341414618825278,0.0,243.3389982658865,1.765693073532098,13.0,0.6378407063411055
2026-01-26 20:00:00,20,0,28.803175854572256,0.8071217094116309,0.0,238.46353656776313,1.9197214032141852,13.0,0.6126941587482542
2026-01-26 21:00:00,21,0,30.47132372881604,0.8638529208765121,0.0,297.89587723812343,2.8918106351817547,13.0,0.6596640768223543
2026-01-26 22:00:00,22,0,29.988613563005536,0.8922696137214321,0.0,274.9115253244639,2.548339049751525,5.5,0.639075300147978
2026-01-26 23:00:00,23,0,27.745460818013427,0.7856400879045664,0.0,280.45209077451386,2.715639578464591,5.5,0.5842854873593494
2026-01-27 00:00:00,0,1,25.95140447066773,0.9165363552079915,0.0,271.9375974264675,2.4772288029498495,5.5,0.6248457395646154
2026-01-27 01:00:00,1,1,29.75886185864772,0.795985718340233,0.0,278.270606192556,2.5748591230330837,5.5,0.6694433648547163
2026-01-27 02:00:00,2,1,25.490265205582034,0.8106034013340548,0.0,302.361912280308,3.0483184540917616,5.5,0.6145630689635989
2026-01-27 03:00:00,3,1,22.60747670238428,1.023517116776401,0.0,287.5245335812843,2.744846561936975,5.5,0.633431450902852
2026-01-27 04:00:00,4,1,23.873895453419397,0.735129673698508,0.0,300.0428719412118,2.9431875899314854,5.5,0.6363763651321743
2026-01-27 05:00:00,5,1,21.300748366725262,0.5704663602884612,0.0,288.4608100331257,2.7242678576855437,5.5,0.588901313025062
2026-01-27 06:00:00,6,1,20.290550811601058,1.0533124394014273,0.0,286.3412479668232,2.8747839967015567,6.2,0.6353212384764054
2026-01-27 07:00:00,7,1,21.0137801764264,1.1,73.18396989312207,266.6644324135025,2.322434985001534,6.2,0.5781849454389613
2026-01-27 08:00:00,8,1,18.062176597652464,0.8113676881460802,165.34703170586164,427.39089793415826,5.469238331744887,6.2,0.6012312768079581
2026-01-27 09:00:00,9,1,20.69931167443042,0.6275794351255778,230.52758188069126,455.89848749860295,6.0663399902859085,6.2,0.6522716890248258
2026-01-27 10:00:00,10,1,23.539305192675435,0.8227419228564867,426.5749891361451,458.51694045587817,6.280375877187286,8.5,0.46070268870925074
2026-01-27 11:00:00,11,1,22.163732587363228,0.8256532460191197,515.3850333074901,430.7319450157796,5.68219956363204,8.5,0.4408656657676042
2026-01-27 12:00:00,12,1,21.935681844324805,0.8372091390773292,554.3239558857193,449.3794524293766,6.0436219664107576,8.5,0.4633938306373556
2026-01-27 13:00:00,13,1,22.945246853845035,0.7263934349693781,453.4255832954912,517.0852604572913,7.315953089254846,8.5,0.44819723256734606
2026-01-27 14:00:00,14,1,24.384490039982335,0.9295473370971773,481.9514287628291,473.69185589093115,6.531173364835918,8.5,0.450377355070555
2026-01-27 15:00:00,15,1,25.91315120844093,0.9229408850343304,339.02215167903904,492.9211544115708,6.794066975736351,8.5,0.46970455580160414
2026-01-27 16:00:00,16,1,26.933290200862594,0.6806713256216832,138.71267601992076,444.34036903047183,5.860845977474859,8.5,0.5981789677802261
2026-01-27 17:00:00,17,1,29.910001067544588,0.9439036078033866,62.79873928681133,442.47816973478734,5.946543843434922,8.5,0.6212100921666407
2026-01-27 18:00:00,18,1,26.730313364108717,1.1,6.485460524434993e-25,241.7338515048043,1.9221047979879926,13.0,0.6106319541618004
2026-01-27 19:00:00,19,1,31.122629207063543,0.8806352398924472,0.0,265.8631775146592,2.219072565698103,13.0,0.5724318987619923
2026-01-27 20:00:00,20,1,29.43047021228616,0.8195209805517792,0.0,282.91294899972195,2.5727063347035815,13.0,0.592386327312521
2026-01-27 21:00:00,21,1,30.395050809988398,0.8429596142710974,0.0,280.8807115440379,2.6284844461620995,13.0,0.667046193411915
2026-01-27 22:00:00,22,1,27.639645153620897,0.9338308120362273,0.0,268.2848558337492,2.538310354141935,5.5,0.631541699437557
2026-01-27 23:00:00,23,1,30.528480506206893,0.6523194073391338,0.0,265.1941406836249,2.1123262972255983,5.5,0.5802923509579583
2026-01-28 00:00:00,0,2,29.36845244025781,0.8797268843572763,0.0,266.1717992819789,2.351269279596629,5.5,0.5737893687245477
2026-01-28 01:00:00,1,2,27.733481014137713,0.8131443260644627,0.0,289.80304176891167,2.658456502220919,5.5,0.6166350829966825
2026-01-28 02:00:00,2,2,22.72786783630969,1.0817390015547255,0.0,288.511871516572,2.7068043309788856,5.5,0.6668355959952945
2026-01-28 03:00:00,3,2,24.949586381086473,0.8390992719434051,0.0,299.4358738276378,2.952274634746332,5.5,0.6143972559558695
2026-01-28 04:00:00,4,2,23.107282631453565,1.0601465133343424,0.0,292.8641096929473,2.815231359515257,5.5,0.6592099866021205
2026-01-28 05:00:00,5,2,19.05655922336841,0.7275511162661591,0.0,306.72663850058996,3.0811531760458784,5.5,0.6305579231245597
2026-01-28 06:00:00,6,2,20.633426905421583,0.930471100016335,0.0,294.2026655932386,2.8847740179024086,6.2,0.6341375137353769
2026-01-28 07:00:00,7,2,20.717172602104554,0.8983280316549475,59.8534912731158,306.11328428470637,3.0687401290310694,6.2,0.5799283847208629
2026-01-28 08:00:00,8,2,20.834112910734728,0.7557143302562261,154.22955634805172,478.6651909233661,6.427058079981906,6.2,0.6481256876524927
2026-01-28 09:00:00,9,2,20.436262918977942,0.8812875337564329,324.1925831422976,446.12512237375154,6.000489408727309,6.2,0.6099520388817918
2026-01-28 10:00:00,10,2,21.106720106348877,1.005502260419792,522.0908349546103,424.9534071563266,5.57435535984142,8.5,0.47589277360832727
2026-01-28 11:00:00,11,2,23.674883182446905,0.8211449954856079,513.3164918235767,481.6651570847998,6.717620572698262,8.5,0.42557490054041663
2026-01-28 12:00:00,12,2,24.33905086486602,0.6569644820996284,435.6150091260977,454.6198571528207,5.938323693430005,8.5,0.4553114804252974
2026-01-28 13:00:00,13,2,19.405322343813282,0.8578924608227064,536.2881717265793,485.25696820453203,6.735031179349055,8.5,0.46056008861812897
2026-01-28 14:00:00,14,2,24.523842167743478,0.7517092286248985,390.31289561896074,499.6512490500632,7.060622866581957,8.5,0.445379000502724
2026-01-28 15:00:00,15,2,26.047118684196676,0.8189190873603341,301.2495742272172,523.2871355448588,7.362622504053217,8.5,0.4621363557925847
2026-01-28 16:00:00,16,2,24.871852140909542,0.8502094676377855,173.51454610134218,431.97543598284136,5.64042604447504,8.5,0.6120080877442248
2026-01-28 17:00:00,17,2,28.676808493281207,0.6553217340781379,43.66255121691993,426.2940070579197,5.514253476627357,8.5,0.6005282074087617
2026-01-28 18:00:00,18,2,31.20326367753795,0.6661209992815187,3.9330776178247023e-25,287.7158734856334,2.938532535569494,13.0,0.6681645014838189
2026-01-28 19:00:00,19,2,28.199777342059456,0.917848020263063,0.0,244.1599439707554,2.075648483116365,13.0,0.6514685859908432
2026-01-28 20:00:00,20,2,30.50460140803481,0.7972737564596384,0.0,250.1428585036464,1.836421530739908,13.0,0.5971740576485547
2026-01-28 21:00:00,21,2,28.455893915500685,0.5522306789815319,0.0,270.6983548330706,2.663359797234211,13.0,0.6370533291678384
2026-01-28 22:00:00,22,2,28.32225898340268,0.9541812843929762,0.0,277.0281887769699,2.449041203424066,5.5,0.5977196343589654
2026-01-28 23:00:00,23,2,30.75162435718779,0.8926843706329087,0.0,282.55188894159534,2.7491051082646494,5.5,0.5844594606901303
2026-01-29 00:00:00,0,3,26.686163269832264,0.7743350211156219,0.0,293.90228480224107,2.9750954941311947,5.5,0.6510142832419693
2026-01-29 01:00:00,1,3,26.98741395902854,0.701980374673011,0.0,284.95670084880516,2.5995649942919226,5.5,0.5688770112305779
2026-01-29 02:00:00,2,3,22.19317282590852,0.9602969475577204,0.0,293.80891090089136,2.9255049974017373,5.5,0.6478056774072962
2026-01-29 03:00:00,3,3,26.499381116579713,0.9019220747072515,0.0,283.4408350501267,2.658063326575927,5.5,0.6124183306228083
2026-01-29 04:00:00,4,3,23.403978669459747,1.1,0.0,291.61895051502745,2.887812010763788,5.5,0.6136536019075841
2026-01-29 05:00:00,5,3,21.19071633009187,0.9104226318469925,0.0,293.92450263530145,2.9015572829440917,5.5,0.6322925365886987
2026-01-29 06:00:00,6,3,21.53319274607765,0.9065243769514417,0.0,296.37176644474266,3.047069277431878,6.2,0.6374359643598275
2026-01-29 07:00:00,7,3,18.055641725132944,0.8399686483869722,56.0464781091422,305.8946039308257,3.125432032931121,6.2,0.5952097046951328
2026-01-29 08:00:00,8,3,21.773796112628986,0.9580131040640949,195.79974226414464,472.98300333177355,6.442872659692839,6.2,0.6415317682625019
2026-01-29 09:00:00,9,3,19.684393705310015,0.9350102241497784,344.4550231225999,461.4025077700015,6.337656578705747,6.2,0.6234011161407567
2026-01-29 10:00:00,10,3,20.363768708505155,1.0102070010278235,525.2960156612087,442.9357322710613,5.916754241907086,8.5,0.41231835621395885
2026-01-29 11:00:00,11,3,20.726982671619037,0.7974412497635258,499.22322162708986,455.1003683216666,6.175188705865421,8.5,0.44490376549260785
2026-01-29 12:00:00,12,3,21.629022895881622,0.8077511032467245,536.3758536432464,449.49567987187663,5.9234549302116735,8.5,0.4914383704667678
2026-01-29 13:00:00,13,3,24.74791069193001,0.8025076194905624,502.3949279036778,519.5949827600998,7.287373377062149,8.5,0.5002978439473709
2026-01-29 14:00:00,14,3,25.383860275156334,0.9548962065414787,496.53503901268857,552.2174555285272,7.987576896245275,8.5,0.47152045372826035
2026-01-29 15:00:00,15,3,27.271717437617163,1.0398049328356078,383.06108631974547,499.9654882684596,6.937227626801133,8.5,0.4142896953549489
2026-01-29 16:00:00,16,3,27.486807965771643,0.804939140822084,164.51432203033994,444.6108212874899,5.970836352615089,8.5,0.6347182070736767
2026-01-29 17:00:00,17,3,29.30533362254851,0.809027152664829,53.98192264509564,454.74342981606134,6.192467001350632,8.5,0.6455258271157758
2026-01-29 18:00:00,18,3,28.701853903034632,0.8976892668643759,5.308063863534574e-25,264.2640344537889,2.269767660122538,13.0,0.6417712394995616
2026-01-29 19:00:00,19,3,33.17422689355966,0.8305086199984518,0.0,305.09232475076294,3.2449383968976937,13.0,0.6435486286606376
2026-01-29 20:00:00,20,3,27.64810437535425,0.9742464383767868,0.0,257.70491169206684,2.2909451732178496,13.0,0.6308978923774259
2026-01-29 21:00:00,21,3,31.721035116789817,0.5897867251257144,0.0,272.72700428396263,2.478879977319307,13.0,0.6178276298350837
2026-01-29 22:00:00,22,3,31.38198819500365,0.7607953943699727,0.0,255.62149659192633,2.0302407546842223,5.5,0.6017489751228794
2026-01-29 23:00:00,23,3,27.257295696984347,0.7661100399246265,0.0,267.2902690908829,2.5033430467612114,5.5,0.5630619344449551
2026-01-30 00:00:00,0,4,30.84391041583396,0.5815572785136627,0.0,281.98081038713985,2.633514472639956,5.5,0.6301892530014005
2026-01-30 01:00:00,1,4,27.78733064993058,0.7443633866757435,0.0,296.61575879807697,2.944931695604637,5.5,0.6255815853095656
2026-01-30 02:00:00,2,4,26.456708510234368,0.7501812660984889,0.0,290.74370701242435,2.78091363768783,5.5,0.6367272752847445
2026-01-30 03:00:00,3,4,23.747938055026207,0.8358674414577404,0.0,310.77066900582344,3.126434347486749,5.5,0.5798736892012132
2026-01-30 04:00:00,4,4,22.174160762671985,0.9935559069992316,0.0,288.78100546609846,2.62875616629044,5.5,0.6393505006794518
2026-01-30 05:00:00,5,4,21.15035285350785,0.8305927218571157,0.0,286.0098538572339,2.783483909500407,5.5,0.6816363528386233
2026-01-30 06:00:00,6,4,21.25566887555708,0.7363023535674615,0.0,341.17173193102894,3.7450945332309167,6.2,0.6223535039233373
2026-01-30 07:00:00,7,4,22.272150281105503,0.8531654550543765,57.00966640041757,299.08516508429256,3.287656424585533,6.2,0.6181500404238037
2026-01-30 08:00:00,8,4,20.27197132679213,0.9859008345729618,201.79197313918345,450.0397132291527,5.892186906321806,6.2,0.629270070682571
2026-01-30 09:00:00,9,4,18.803205433848724,0.7428849420662114,274.0739156143729,448.10985399733295,5.836458832448522,6.2,0.6809701107413101
2026-01-30 10:00:00,10,4,21.90651357465528,0.7507310139294262,390.938171045121,440.5317615384359,5.861649102330062,8.5,0.41929056714900326
2026-01-30 11:00:00,11,4,22.84619221365945,0.9270258751129068,581.1897205990185,470.74053408196,6.567742029535929,8.5,0.45609620800181716
2026-01-30 12:00:00,12,4,23.481989292671678,0.8334156661123039,554.221417964682,443.44120872792166,5.875283140252756,8.5,0.42601027733107066
2026-01-30 13:00:00,13,4,24.824153134274873,0.9376981628851369,587.8806060586496,518.410238885279,7.425429019724308,8.5,0.43358985837465014
2026-01-30 14:00:00,14,4,24.593607804763288,0.8583623849845644,446.98649003907974,511.35684386011116,7.042782135456353,8.5,0.4485122907635418
2026-01-30 15:00:00,15,4,24.900611474816735,0.944199637770748,348.3453186246398,522.5602616251387,7.383454077933597,8.5,0.4904196972484068
2026-01-30 16:00:00,16,4,26.19770985403883,0.735790626315123,150.59997628032866,421.76822527132106,5.328002932512665,8.5,0.6740297180206621
2026-01-30 17:00:00,17,4,26.08233903324595,0.8585498419054078,57.369458391911905,416.1508114550897,5.1335116441070054,8.5,0.6334442643388012
2026-01-30 18:00:00,18,4,29.685549936241117,0.8347171982764212,4.94287303266862e-25,266.5373515292687,2.3424450539877624,13.0,0.6087021583092954
2026-01-30 19:00:00,19,4,29.70445595660545,0.7140930891075044,0.0,273.8283797302621,2.252284832444199,13.0,0.6947821659991555
2026-01-30 20:00:00,20,4,29.340018443205437,0.6723826462557574,0.0,270.49520057899093,2.2776844149710738,13.0,0.6071733655601144
2026-01-30 21:00:00,21,4,25.396200894927738,0.9422898842329595,0.0,252.32323115844986,1.9927452437676554,13.0,0.6028659225692079
2026-01-30 22:00:00,22,4,27.45915081438094,0.8178857141338426,0.0,282.1947271576451,2.5607659595577945,5.5,0.5667517086626382
2026-01-30 23:00:00,23,4,30.216794883037487,0.7373263662023204,0.0,260.22821763574075,2.2442052029355217,5.5,0.6618827470773423
